Age,BusinessTravel,DailyRate,Department,DistanceFromHome,Education,EducationField,EnvironmentSatisfaction,Gender,HourlyRate,JobInvolvement,JobLevel,JobRole,JobSatisfaction,MaritalStatus,MonthlyIncome,MonthlyRate,NumCompaniesWorked,OverTime,PercentSalaryHike,PerformanceRating,RelationshipSatisfaction,StockOptionLevel,TotalWorkingYears,TrainingTimesLastYear,WorkLifeBalance,YearsAtCompany,YearsInCurrentRole,YearsSinceLastPromotion,YearsWithCurrManager,Attrition
37,2,1373,1,2,2,4,4,1,92,2,1,2,3,2,2090,2396,6,1,15,3,2,0,7,3,3,0,0,0,0,1
33,1,1392,1,3,4,1,4,0,56,3,1,6,3,1,2909,23159,1,1,11,3,3,0,8,3,3,8,7,3,0,0
32,1,1005,1,2,2,1,4,1,79,3,1,2,4,2,3068,11864,0,0,13,3,3,0,8,2,2,7,7,3,6,0
36,2,1299,1,27,3,3,3,1,94,3,2,0,3,1,5237,16577,6,0,13,3,2,2,17,3,2,7,7,7,7,0
29,2,153,1,15,2,1,4,0,49,2,2,2,3,2,4193,12682,0,1,12,3,4,0,10,3,3,9,5,0,8,0
31,2,670,1,26,1,1,1,1,31,3,1,6,3,0,2911,15170,1,0,17,3,4,1,5,1,2,5,2,4,3,0
34,2,1346,1,19,2,3,2,1,93,3,1,2,4,0,2661,8758,0,0,11,3,3,1,3,2,3,2,2,1,2,0
28,2,103,1,24,3,1,3,1,50,2,1,2,3,2,2028,12947,5,1,14,3,2,0,6,4,3,4,2,0,3,1
22,0,1123,1,16,2,3,4,1,96,4,1,2,4,0,2935,7324,1,1,13,3,2,2,1,2,2,1,0,0,0,0
38,2,371,1,2,3,1,4,1,45,3,1,6,4,2,3944,4306,5,1,11,3,3,0,6,3,3,3,2,1,2,0
34,2,419,1,7,4,1,1,0,53,3,3,5,2,2,11994,21293,0,0,11,3,3,0,13,4,3,12,6,2,11,0
34,2,699,1,6,1,3,2,1,83,3,1,6,1,2,2960,17102,2,0,11,3,3,0,8,2,3,4,2,1,3,1
42,2,691,2,8,4,2,3,1,48,3,2,7,2,1,6825,21173,0,0,11,3,4,1,10,2,3,9,7,4,2,0
33,2,924,1,2,3,3,3,1,78,3,1,2,4,2,2496,6670,4,0,11,3,4,0,7,3,3,1,1,0,0,0
24,2,813,1,1,3,3,2,1,61,3,1,6,4,1,2293,3020,2,1,16,3,1,1,6,2,2,2,0,2,0,1
43,2,1273,1,2,2,3,4,0,72,4,1,6,3,0,2645,21923,1,0,12,3,4,2,6,3,2,5,3,1,4,0
50,2,869,2,3,2,2,1,1,86,2,1,8,3,1,2683,3810,1,1,14,3,3,0,3,2,3,3,2,0,2,1
35,2,890,2,2,3,2,4,0,97,3,1,8,4,1,2014,9687,1,0,13,3,1,0,2,3,3,2,2,2,2,0
33,1,1141,2,1,3,1,3,0,42,4,2,7,1,1,5376,3193,2,0,19,3,1,2,10,3,3,5,3,1,3,0
35,2,464,1,4,2,4,3,1,75,3,1,2,4,0,1951,10910,1,0,12,3,3,1,1,3,3,1,0,0,0,0
26,2,1357,1,25,3,1,1,1,48,1,1,2,3,2,2293,10558,1,0,12,3,3,0,1,2,2,1,0,0,1,1
35,2,1229,1,8,1,1,4,1,36,4,1,2,4,1,2269,4892,1,0,19,3,4,0,1,2,3,1,0,0,1,0
28,2,1434,1,5,4,5,3,1,50,3,1,2,3,2,3441,11179,1,1,13,3,3,0,2,3,2,2,2,2,2,1
35,0,1097,1,11,2,3,3,1,79,2,3,0,1,1,9884,8302,2,1,13,3,3,1,10,3,3,4,0,2,3,0
26,2,1443,2,23,3,2,3,0,47,2,2,7,4,1,4157,21436,7,1,19,3,3,1,5,2,2,2,2,0,0,0
35,2,1142,1,23,4,3,3,0,30,3,1,2,1,1,4014,16002,3,1,15,3,3,1,4,3,3,2,2,2,2,0
37,2,1115,1,1,4,1,1,1,51,2,2,4,3,0,5993,2689,1,0,18,3,3,1,7,2,4,7,5,0,7,0
36,1,1195,1,11,3,1,2,1,95,2,2,4,2,2,6499,22656,1,0,13,3,3,0,6,3,3,6,5,0,3,0
45,2,1339,1,7,3,1,2,1,59,3,3,6,1,0,9724,18787,2,0,17,3,3,1,25,2,3,1,0,0,0,0
35,1,664,1,1,3,3,2,1,79,3,1,6,1,1,2194,5868,4,0,13,3,4,1,5,2,2,3,2,1,2,0
59,1,1225,2,1,1,1,1,0,57,2,2,7,3,2,5473,24668,7,0,11,3,4,0,20,2,2,4,3,1,3,0
31,2,1082,1,1,4,3,3,1,87,3,1,6,2,2,2501,18775,1,0,17,3,2,0,1,4,3,1,1,1,0,0
32,2,548,1,1,3,1,2,1,66,3,2,6,2,1,6220,7346,1,0,17,3,2,2,10,3,3,10,4,0,9,0
36,2,132,1,6,3,1,2,0,55,4,1,2,4,1,3038,22002,3,0,12,3,2,0,5,3,3,1,0,0,0,0
35,2,776,2,1,4,2,3,1,32,2,2,7,1,2,4312,23016,0,0,14,3,2,0,16,2,3,15,13,2,8,0
45,2,193,1,6,4,4,4,1,52,3,3,5,1,1,13245,15067,4,1,14,3,2,0,17,3,4,0,0,0,0,0
37,2,397,1,7,4,3,1,1,30,3,3,5,3,2,13664,25258,4,0,13,3,1,0,16,3,4,5,2,0,2,0
30,2,852,1,1,1,1,4,1,55,2,2,2,4,1,5126,15998,1,1,12,3,3,2,10,1,2,10,8,3,0,0
35,2,1214,1,1,3,3,2,1,30,2,1,6,3,2,2859,26278,1,0,18,3,1,0,6,3,3,6,4,0,4,0
55,2,111,2,1,2,1,1,1,70,3,3,7,4,1,10239,18092,3,0,14,3,4,1,24,4,3,1,0,1,0,0
34,2,1153,1,1,2,3,1,1,94,3,2,4,2,1,4325,17736,1,0,15,3,3,0,5,2,3,5,2,1,3,0
23,2,541,2,2,1,5,3,1,62,3,1,8,1,0,2322,9518,3,0,13,3,3,1,3,3,3,0,0,0,0,0
46,2,669,2,9,2,3,3,1,64,2,3,7,4,2,9619,13596,1,0,16,3,4,0,9,3,3,9,8,4,7,1
28,0,120,2,4,3,3,2,1,43,3,2,7,3,1,4221,8863,1,0,15,3,2,0,5,3,4,5,4,0,4,0
44,0,489,1,23,3,3,2,1,67,3,2,2,2,1,2042,25043,4,0,12,3,3,1,17,3,4,3,2,1,2,0
32,2,827,1,1,1,1,4,1,71,3,1,6,1,2,2956,15178,1,0,13,3,4,0,1,2,3,1,0,0,0,0
34,2,665,1,6,4,4,1,0,41,3,2,6,3,2,4809,12482,1,0,14,3,3,0,16,3,3,16,13,2,10,0
37,0,1040,1,2,2,1,3,1,100,2,2,0,4,0,5163,15850,5,0,14,3,4,1,17,2,4,1,0,0,0,0
25,2,240,2,5,3,2,3,1,46,2,2,7,3,2,5744,26959,1,1,11,3,4,0,6,1,3,6,4,0,3,1
25,2,1280,1,7,1,3,4,1,64,2,1,6,4,1,2889,26897,1,0,11,3,3,2,2,2,3,2,2,2,1,0
24,2,1127,1,18,1,1,2,1,52,3,1,2,3,1,2774,13257,0,0,12,3,3,1,6,2,3,5,3,1,2,0
34,2,1031,1,6,4,1,3,0,45,2,2,6,2,0,4505,15000,6,0,15,3,3,1,12,3,3,1,0,0,0,0
37,2,1189,2,3,3,1,3,1,87,3,3,7,4,2,7428,14506,2,0,12,3,1,0,12,3,3,5,3,1,3,0
33,0,750,2,22,2,2,3,1,95,3,2,7,2,1,6146,15480,0,0,13,3,1,1,8,2,4,7,7,0,7,0
31,2,249,2,6,4,1,2,1,76,1,2,7,3,1,6172,20739,4,1,18,3,2,0,12,3,2,7,7,7,7,1
26,2,841,1,6,3,4,3,0,46,2,1,6,2,1,2368,23300,1,0,19,3,3,0,5,3,2,5,4,4,3,0
19,2,528,2,22,1,2,4,1,50,3,1,8,3,2,1675,26820,1,1,19,3,4,0,0,2,2,0,0,0,0,1
22,2,594,1,2,1,5,3,1,100,3,1,2,4,1,2523,19299,0,0,14,3,3,1,3,2,3,2,1,2,1,0
49,2,470,1,20,4,3,3,0,96,3,2,4,1,1,6567,5549,1,0,14,3,3,0,16,2,2,15,11,5,11,0
43,1,957,1,28,3,3,2,0,72,4,1,6,3,2,4739,16090,4,0,12,3,4,0,18,2,3,3,2,1,2,0
50,1,809,2,12,3,2,3,0,77,3,3,7,4,2,9208,6645,4,0,11,3,4,0,16,3,3,2,2,2,1,0
31,2,542,2,20,3,1,2,0,71,1,2,7,3,1,4559,24788,3,1,11,3,3,1,4,2,3,2,2,2,2,1
41,2,802,2,9,1,1,3,1,96,3,3,7,3,0,8189,21196,3,1,13,3,3,1,12,2,3,9,7,0,7,0
51,1,1150,1,8,4,1,1,1,53,1,3,4,4,2,10650,25150,2,0,15,3,4,0,18,2,3,4,2,0,3,1
39,2,1329,2,4,4,1,4,0,47,2,2,7,3,1,5902,14590,4,0,14,3,3,1,17,1,4,15,11,5,9,0
25,2,959,2,28,3,1,1,1,41,2,2,7,3,1,8639,24835,2,0,18,3,4,0,6,3,3,2,2,2,2,0
30,2,1240,0,9,3,0,3,1,48,3,2,1,4,1,6347,13982,0,1,19,3,4,0,12,2,1,11,9,4,7,0
45,2,1316,1,29,3,3,3,1,83,3,1,6,4,2,3452,9752,5,0,13,3,2,0,9,2,2,6,5,0,3,0
30,2,438,1,18,3,1,1,0,75,3,1,6,3,2,2632,23910,1,0,14,3,3,0,5,4,2,5,4,0,4,0
30,2,201,1,5,3,5,4,0,84,3,1,6,1,0,3204,10415,5,0,14,3,4,1,8,3,3,3,2,2,2,0
30,2,1427,1,2,1,3,2,1,35,2,1,2,4,2,2720,11162,0,0,13,3,4,0,6,3,3,5,3,1,2,0
19,2,1181,1,3,1,3,2,0,79,3,1,2,2,2,1483,16102,1,0,14,3,4,0,1,3,3,1,0,0,0,0
35,2,662,2,1,5,2,3,1,94,3,3,7,2,1,7295,11439,1,0,13,3,1,2,10,3,3,10,8,0,6,0
32,1,967,2,8,3,2,2,0,43,3,3,7,4,2,8998,15589,1,0,14,3,4,0,9,2,3,9,8,3,7,0
29,0,1496,1,1,1,5,4,1,41,3,2,4,3,1,4319,26283,1,0,13,3,1,1,10,1,3,10,7,0,9,0
51,2,1169,1,7,4,3,2,1,34,2,2,4,3,1,6132,13983,2,0,17,3,3,0,10,2,3,1,0,0,0,0
40,2,630,2,4,4,2,3,1,67,2,3,7,4,1,10855,8552,7,0,11,3,1,1,15,2,2,12,11,2,11,0
34,1,303,2,2,4,2,3,0,75,3,1,8,3,1,2231,11314,6,0,18,3,4,1,6,3,3,4,3,1,2,0
27,0,691,1,9,3,3,4,1,57,3,1,6,2,0,2024,5970,6,0,18,3,4,1,6,1,1,2,2,2,2,0
28,2,440,1,21,3,3,3,1,42,3,1,6,4,1,2713,6672,1,0,11,3,3,1,5,2,1,5,2,0,2,0
57,2,334,1,24,2,1,3,1,83,4,3,0,4,0,9439,23402,3,1,16,3,2,1,12,2,1,5,3,1,4,0
27,0,1450,1,3,3,3,3,1,79,2,1,6,3,0,2566,25326,1,1,15,3,4,1,1,2,2,1,1,0,1,0
41,2,465,1,14,3,1,1,1,56,3,1,6,3,0,2451,4609,4,0,12,3,1,1,13,2,3,9,8,1,8,0
30,2,1339,2,5,3,1,2,0,41,3,3,7,4,1,9419,8053,2,0,12,3,3,1,12,2,3,10,9,7,4,0
27,2,1157,1,17,3,5,3,1,51,3,1,6,2,1,3058,13364,0,1,16,3,4,1,6,3,2,5,2,1,1,0
36,1,1480,1,3,2,3,4,1,30,3,1,2,2,2,2088,15062,4,0,12,3,3,0,13,3,2,8,7,7,2,0
30,0,111,1,9,3,3,3,1,66,3,2,2,1,0,3072,11012,1,0,11,3,3,2,12,4,3,12,9,6,10,0
45,2,1268,2,4,2,1,3,0,30,3,2,7,1,0,5006,6319,4,1,11,3,1,1,9,3,4,5,4,0,3,0
56,2,713,1,8,3,1,3,0,67,3,1,6,1,0,4257,13939,4,1,18,3,3,1,19,3,3,2,2,2,2,0
33,2,134,1,2,3,1,3,1,90,3,1,6,4,2,2500,10515,0,0,14,3,1,0,4,2,4,3,1,0,2,0
38,2,1380,1,9,2,1,3,0,75,3,1,2,4,2,2288,6319,1,0,12,3,3,0,2,3,3,2,2,2,1,0
34,2,629,1,27,2,3,4,0,95,3,1,6,2,2,2311,5711,2,0,15,3,4,0,9,3,3,3,2,1,2,0
50,2,328,1,1,3,3,3,1,86,2,1,2,3,1,3690,3425,2,0,15,3,4,1,5,2,2,3,2,0,2,0
53,2,1084,1,13,2,3,4,0,57,4,2,4,1,0,4450,26250,1,0,11,3,3,2,5,3,3,4,2,1,3,0
34,1,1069,1,2,1,1,4,1,45,2,2,4,3,1,9547,14074,1,0,17,3,3,0,10,2,2,10,9,1,9,0
27,2,894,1,9,3,3,4,0,99,3,1,6,2,2,2279,11781,1,0,16,3,4,0,7,2,2,7,7,0,3,0
35,2,556,1,23,2,1,2,1,50,2,2,4,3,1,5916,15497,3,1,13,3,1,0,8,1,3,1,0,0,1,1
37,2,290,1,21,3,1,2,1,65,4,1,6,1,1,3564,22977,1,1,12,3,1,1,8,3,2,8,7,1,7,0
38,2,1084,1,29,3,5,4,1,54,3,2,4,4,1,6261,4185,3,0,18,3,1,1,9,3,1,7,7,1,7,0
27,1,472,1,1,1,5,3,1,60,2,2,4,1,1,4298,9679,5,0,19,3,3,1,6,1,3,2,2,2,0,0
34,1,878,1,10,4,3,4,1,43,3,1,6,3,0,3815,5972,1,1,17,3,4,1,5,4,4,5,3,2,0,0
40,2,905,1,19,2,3,3,1,99,3,2,2,4,1,2741,16523,8,1,15,3,3,1,15,2,4,7,2,3,7,0
38,2,1180,1,29,1,3,2,1,70,3,2,0,1,1,6673,11354,7,1,19,3,2,0,17,2,3,1,0,0,0,1
22,2,1136,1,5,3,1,4,1,60,4,1,6,2,0,2328,12392,1,1,16,3,1,1,4,2,2,4,2,2,2,0
36,1,635,1,18,1,3,2,0,73,3,1,2,4,2,2153,7703,1,0,13,3,1,0,8,2,3,8,1,1,7,0
46,2,644,1,1,4,3,4,1,97,3,3,0,1,0,9396,12368,7,0,16,3,3,1,17,3,3,4,2,0,3,0
27,1,1242,2,20,3,1,4,0,90,3,2,7,3,2,9981,12916,1,0,14,3,4,0,7,2,3,7,7,0,7,0
41,2,896,2,6,3,1,4,0,75,3,3,3,4,2,13591,14674,3,1,18,3,3,0,16,3,3,1,0,0,0,0
29,2,992,1,1,3,5,3,1,85,3,1,6,3,2,2058,19757,0,0,14,3,4,0,7,1,2,6,2,1,5,1
54,2,1147,2,3,3,2,4,0,52,3,2,7,1,1,5940,17011,2,0,14,3,4,1,16,4,3,6,2,0,5,0
36,2,1396,1,5,2,1,4,1,62,3,2,2,2,2,5914,9945,8,0,16,3,4,0,16,3,4,13,11,3,7,0
31,0,979,1,1,4,3,3,1,90,1,2,4,3,1,4345,4381,0,0,12,3,4,1,6,2,3,5,4,1,4,0
37,1,319,2,4,4,2,1,1,41,3,1,8,4,0,2793,2539,4,0,17,3,3,1,13,2,3,9,8,5,8,0
35,1,944,2,1,3,2,3,0,92,3,3,7,3,2,8789,9096,1,0,14,3,1,0,10,3,4,10,7,0,8,0
29,2,896,1,18,1,3,3,1,86,2,1,6,4,2,2389,14961,1,1,13,3,3,0,4,3,2,4,3,0,1,1
52,2,1323,1,2,3,1,3,0,89,2,1,2,4,2,3212,3300,7,0,15,3,2,0,6,3,2,2,2,2,2,0
59,2,818,0,6,2,3,2,1,52,3,1,1,3,1,2267,25657,8,0,17,3,4,0,7,2,2,2,2,2,2,0
33,2,813,1,14,3,3,3,1,58,3,1,2,4,1,2436,22149,5,1,13,3,3,1,8,2,1,5,4,0,4,1
32,2,515,1,1,3,1,4,1,62,2,1,2,3,2,3730,9571,0,1,14,3,4,0,4,2,1,3,2,1,2,1
32,0,976,2,26,4,2,3,1,100,3,2,7,4,1,4465,12069,0,0,18,3,1,0,4,2,3,3,2,2,2,0
41,2,1411,1,19,2,1,3,1,36,3,2,6,1,0,3072,19877,2,0,16,3,1,2,17,2,2,1,0,0,0,0
40,2,1300,1,24,2,5,1,1,62,3,2,6,4,0,3319,24447,1,0,17,3,1,2,9,3,3,9,8,4,7,0
33,2,832,1,5,4,1,3,0,63,2,1,6,4,1,2911,14776,1,0,13,3,3,1,2,2,2,2,2,0,2,0
34,2,470,1,2,4,1,4,1,84,2,2,4,1,1,5957,23687,6,0,13,3,2,1,13,3,3,11,9,5,9,0
37,2,1017,1,1,2,3,3,0,83,2,1,6,1,1,3920,18697,2,0,14,3,1,1,17,2,2,3,1,0,2,0
45,1,1199,1,7,4,1,1,1,77,4,2,4,3,1,6434,5118,4,0,17,3,4,1,9,1,3,3,2,0,2,0
29,2,665,1,15,3,1,3,1,60,3,1,6,4,2,2340,22673,1,0,19,3,1,0,6,1,3,6,5,1,5,0
42,2,916,1,17,2,1,4,0,82,4,2,6,1,2,6545,23016,3,1,13,3,3,0,10,1,3,3,2,0,2,0
29,2,1247,2,20,2,2,4,1,45,3,2,7,4,0,6931,10732,2,0,14,3,4,1,10,2,3,3,2,0,2,0
25,2,685,1,1,3,1,1,0,62,3,2,4,3,1,4898,7505,0,0,12,3,4,2,5,3,3,4,2,1,2,0
42,2,269,1,2,3,3,4,0,56,2,1,2,1,0,2593,8007,0,1,11,3,3,1,10,4,3,9,6,7,8,0
31,1,307,1,29,2,3,3,1,71,2,1,2,2,2,3479,11652,0,0,11,3,2,0,6,2,4,5,4,1,4,1
29,2,1210,2,2,3,3,1,1,78,2,2,7,2,1,6644,3687,2,0,19,3,2,2,10,2,3,0,0,0,0,0
25,0,675,1,5,2,1,2,1,85,4,2,0,1,0,4000,18384,1,0,12,3,4,2,6,2,3,6,3,1,5,0
21,2,996,1,3,2,3,4,1,100,2,1,6,3,2,3230,10531,1,0,17,3,1,0,3,4,4,3,2,1,0,0
37,0,728,1,1,4,3,1,0,80,3,3,5,4,0,13603,11677,2,1,18,3,1,2,15,2,3,5,2,0,2,0
29,1,442,2,2,2,1,2,1,44,3,2,7,4,2,4554,20260,1,0,18,3,1,0,10,3,2,10,7,0,9,0
55,2,147,1,20,2,5,2,1,37,3,2,2,4,1,5415,15972,3,1,19,3,4,1,12,4,3,10,7,0,8,0
26,1,496,1,11,2,3,1,1,60,3,2,0,1,1,4741,22722,1,1,13,3,3,1,5,3,3,5,3,3,3,0
37,2,1372,1,1,3,1,4,0,42,3,1,6,4,2,2115,15881,1,0,12,3,2,0,17,3,3,17,12,5,7,0
26,2,1449,1,16,4,3,1,1,45,3,1,2,2,0,2373,14180,2,1,13,3,4,1,5,2,3,3,2,0,2,1
36,2,506,1,3,3,5,3,1,30,3,2,6,2,2,4485,26285,4,0,12,3,4,0,10,2,3,8,0,7,7,0
18,2,230,1,3,3,1,3,1,54,3,1,2,3,2,1420,25233,1,0,13,3,3,0,0,2,3,0,0,0,0,1
35,2,1232,2,16,3,2,3,1,96,3,3,7,2,1,8020,5100,0,0,15,3,3,2,12,3,2,11,9,6,9,0
36,1,566,1,18,4,1,3,1,81,4,1,2,4,1,3688,7122,4,0,18,3,4,2,4,2,3,1,0,0,0,0
51,2,1302,1,2,3,3,4,1,84,1,2,4,2,0,5482,16321,5,0,18,3,4,1,13,3,3,4,1,1,2,0
18,2,812,2,10,3,3,4,0,69,2,1,8,3,2,1200,9724,1,0,12,3,1,0,0,2,3,0,0,0,0,0
28,2,1476,1,16,2,3,2,1,68,4,2,0,1,2,5661,4824,0,0,19,3,3,0,9,2,3,8,3,0,7,0
31,2,218,2,7,3,5,2,1,100,4,2,7,4,1,6929,12241,4,0,11,3,2,1,10,3,2,8,7,7,7,0
36,0,1105,1,24,4,1,2,0,47,3,2,2,2,1,5674,6927,7,0,15,3,3,1,11,3,3,9,8,0,8,0
32,2,906,2,7,3,1,4,1,91,2,2,7,3,1,5484,16985,1,0,14,3,3,1,13,3,2,13,8,4,8,0
38,2,849,1,25,2,1,1,0,81,2,3,5,2,1,12061,26707,3,0,17,3,3,1,19,2,3,10,8,0,1,0
58,0,390,1,1,4,1,4,1,32,1,2,0,3,0,5660,17056,2,1,13,3,4,1,12,2,3,5,3,1,2,0
31,2,691,1,5,4,5,3,1,86,3,1,6,4,1,4821,10077,0,1,12,3,3,1,6,4,3,5,2,0,3,0
31,2,106,0,2,3,0,1,1,62,2,2,1,1,1,6410,17822,3,0,12,3,4,0,9,1,3,2,2,1,0,0
31,2,192,1,2,4,1,3,1,32,3,1,6,4,0,2695,7747,0,1,18,3,2,1,3,2,1,2,2,2,2,0
49,2,1091,1,1,2,5,3,0,90,2,4,0,3,2,13964,17810,7,1,12,3,4,0,25,2,3,7,1,0,7,0
52,2,723,1,8,4,3,3,1,85,2,2,6,2,1,4941,17747,2,0,15,3,1,0,11,3,2,8,2,7,7,1
27,2,1220,1,5,3,1,3,0,85,3,1,6,2,2,2478,20938,1,1,12,3,2,0,4,2,2,4,3,1,2,0
27,2,1377,2,2,3,1,4,1,74,3,2,7,3,2,4478,5242,1,1,11,3,1,0,5,3,3,5,4,0,4,0
28,2,1157,1,2,4,3,1,1,84,1,1,6,4,1,3464,24737,5,1,13,3,4,0,5,4,2,3,2,2,2,1
30,2,1275,1,28,2,3,4,0,64,3,2,6,4,1,5775,11934,1,0,13,3,4,2,11,2,3,10,8,1,9,0
39,2,1162,2,3,2,3,4,0,41,3,2,7,3,1,5238,17778,4,1,18,3,1,0,12,3,2,1,0,0,0,1
43,1,559,1,10,4,1,3,0,82,2,2,2,3,0,5257,6227,1,0,11,3,2,1,9,3,4,9,7,0,0,0
54,1,928,1,20,4,1,4,0,31,3,2,6,3,2,4869,16885,3,0,12,3,4,0,20,4,2,4,3,0,3,0
43,2,1001,1,7,3,1,3,0,43,3,3,0,1,1,9985,9262,8,0,16,3,1,1,10,1,2,1,0,0,0,0
29,2,318,1,8,4,4,2,1,77,1,1,2,1,1,2119,4759,1,1,11,3,4,0,7,4,2,7,7,0,7,1
29,2,738,1,9,5,4,2,1,30,2,1,2,4,2,3983,7621,0,0,17,3,3,0,4,2,3,3,2,2,2,0
27,2,1130,2,8,4,2,2,0,56,3,2,7,2,1,6214,3415,1,0,18,3,1,1,8,3,3,8,7,0,7,0
37,2,1192,1,5,2,3,4,1,61,3,2,4,4,0,6347,23177,7,0,16,3,3,2,8,2,2,6,2,0,4,0
38,2,343,1,15,2,1,3,1,92,2,3,5,4,0,11510,15682,0,1,14,3,2,1,12,3,3,11,10,2,9,0
31,2,1232,1,7,4,3,3,0,39,3,3,4,4,2,7143,25713,1,1,14,3,3,0,11,2,2,11,9,4,10,0
29,2,144,2,10,1,2,4,0,39,2,2,7,2,0,8268,11866,1,1,14,3,1,2,7,2,3,7,7,1,7,0
23,2,1309,1,26,1,1,3,1,83,3,1,6,4,0,2904,16092,1,0,12,3,3,2,4,2,2,4,2,0,2,0
41,2,483,1,6,3,3,4,1,95,2,2,4,2,2,6032,10110,6,1,15,3,4,0,8,3,3,5,4,1,2,0
47,1,1309,2,4,1,3,2,1,99,3,2,8,3,2,2976,25751,3,0,19,3,1,0,5,3,3,0,0,0,0,0
42,2,810,1,23,5,1,1,0,44,3,4,5,4,2,15992,15901,2,0,14,3,2,0,16,2,3,1,0,0,0,0
29,0,746,2,2,3,1,4,1,61,3,2,7,3,1,4649,16928,1,0,14,3,1,1,4,3,2,4,3,0,2,0
32,2,1062,1,2,3,3,3,0,75,3,1,2,2,1,2370,3956,1,0,13,3,3,1,8,4,3,8,0,0,7,0
37,2,1319,1,6,3,3,3,1,51,4,2,6,1,0,5974,17001,4,1,13,3,1,2,13,2,3,7,7,6,7,0
30,0,641,2,25,2,5,4,0,85,3,2,7,3,1,4736,6069,7,1,12,3,2,1,4,2,4,2,2,2,2,0
26,2,933,2,1,3,1,3,1,57,3,2,7,3,1,5296,20156,1,0,17,3,2,1,8,3,3,8,7,7,7,0
21,1,756,2,1,1,5,1,0,99,2,1,8,2,2,2174,9150,1,1,11,3,3,0,3,3,3,3,2,1,2,1
36,1,541,2,3,4,3,1,1,48,2,3,7,4,1,9699,7246,4,0,11,3,1,1,16,2,3,13,9,1,12,0
57,2,593,1,1,4,3,4,1,88,3,2,0,3,1,6755,2967,2,0,11,3,3,0,15,2,3,3,2,1,2,0
40,2,1171,1,10,4,1,4,0,46,4,1,2,3,1,2213,22495,3,1,13,3,3,1,10,3,3,7,7,1,7,0
33,2,350,2,5,3,2,4,0,34,3,1,8,3,2,2851,9150,1,1,13,3,2,0,1,2,3,1,0,0,0,1
46,0,1144,1,7,4,3,3,0,30,3,2,4,3,1,5258,16044,2,0,14,3,3,0,7,2,4,1,0,0,0,0
50,2,1046,1,10,3,5,4,1,100,2,3,0,4,2,10496,2755,6,0,15,3,4,0,20,2,3,4,3,1,3,0
27,2,1469,1,1,2,3,4,1,82,3,1,2,2,0,3816,17881,1,0,11,3,2,1,5,2,3,5,2,0,4,0
28,2,304,2,9,4,1,2,1,92,3,2,7,4,2,5253,20750,1,0,16,3,4,0,7,1,3,7,5,0,7,0
51,2,1178,2,14,2,1,3,0,87,3,2,7,4,1,4936,14862,4,0,11,3,3,1,18,2,2,7,7,0,7,0
36,2,329,1,2,3,1,4,0,96,3,1,6,3,1,2543,11868,4,0,13,3,2,1,6,3,3,2,2,2,2,0
34,0,1362,2,19,3,2,1,1,67,4,2,7,4,2,5304,4652,8,1,13,3,2,0,9,3,2,5,2,0,4,1
24,2,1371,2,10,4,2,4,0,77,3,2,7,3,0,4260,5915,1,1,12,3,4,1,5,2,4,5,2,0,3,0
30,2,202,2,2,1,5,3,1,72,3,1,8,2,1,2476,17434,1,0,18,3,1,1,1,3,3,1,0,0,0,0
22,2,253,1,11,3,3,1,0,43,3,1,6,2,1,2244,24440,1,0,13,3,4,1,2,1,3,2,1,1,2,0
37,2,1305,1,10,4,1,3,1,49,3,2,4,2,2,4197,21123,2,1,12,3,4,0,18,2,2,1,0,0,1,0
43,2,1473,1,8,4,4,3,0,74,3,2,0,3,0,4522,2227,4,1,14,3,4,0,8,3,3,5,2,0,2,0
25,2,891,2,4,2,1,2,0,99,2,2,7,4,2,4487,12090,1,1,11,3,2,0,5,3,3,5,4,1,3,0
31,2,329,1,1,2,1,4,1,98,2,1,2,1,1,2218,16193,1,0,12,3,3,1,4,3,3,4,2,3,2,0
41,2,645,2,1,3,2,2,1,49,4,3,7,1,1,8392,19566,1,0,16,3,3,1,10,2,3,10,7,0,7,0
28,2,1300,1,17,2,3,3,1,79,3,2,2,1,0,4558,13535,1,0,12,3,4,1,10,2,3,10,0,1,8,0
52,2,319,1,3,3,3,4,1,39,2,3,4,3,1,7969,19609,2,1,14,3,3,0,28,4,3,5,4,0,4,0
42,1,532,1,29,2,1,1,0,92,3,2,6,3,0,4556,12932,2,0,11,3,2,1,19,3,3,5,4,0,2,0
24,2,1448,2,1,1,5,1,0,62,3,1,8,2,2,3202,21972,1,1,16,3,2,0,6,4,3,5,3,1,4,1
34,1,296,2,6,2,2,4,0,33,1,1,8,3,0,2351,12253,0,0,16,3,4,1,3,3,2,2,2,1,0,1
30,0,1400,1,3,3,1,3,1,53,3,1,2,4,1,2097,16734,4,0,15,3,3,1,9,3,1,5,3,1,4,0
29,2,986,1,3,4,3,2,1,93,2,3,5,3,1,11935,21526,1,0,18,3,3,0,10,2,3,10,2,0,7,0
29,2,408,1,25,5,5,3,0,71,2,1,6,2,1,2546,18300,5,0,16,3,2,0,6,2,4,2,2,1,1,1
19,2,489,0,2,2,5,1,1,52,2,1,1,4,2,2564,18437,1,0,12,3,3,0,1,3,4,1,0,0,0,1
30,0,1398,2,22,4,4,3,0,69,3,3,7,1,1,8412,2890,0,0,11,3,3,0,10,3,3,9,8,7,8,0
30,0,1116,1,2,3,3,3,0,49,3,1,2,4,2,2564,7181,0,0,14,3,3,0,12,2,2,11,7,6,7,0
35,2,144,1,22,3,1,4,1,46,1,1,2,3,2,4230,19225,0,0,15,3,3,0,6,2,3,5,4,4,3,0
54,2,548,1,8,4,1,3,0,42,3,2,2,3,2,3780,23428,7,0,11,3,3,0,19,3,3,1,0,0,0,0
34,2,1303,1,2,4,1,4,1,62,2,1,6,3,0,2768,8416,3,0,12,3,3,1,14,3,3,7,3,5,7,0
46,2,1125,2,10,3,2,3,0,94,2,3,7,4,1,9071,11563,2,1,19,3,3,1,15,3,3,3,2,1,2,0
33,2,1277,1,15,1,3,2,1,56,3,3,3,3,1,13610,24619,7,1,12,3,4,0,15,2,4,7,6,7,7,1
30,2,413,2,7,1,2,4,1,57,3,1,8,2,2,2983,18398,0,0,14,3,1,0,4,3,3,3,2,1,2,0
35,2,1276,1,16,3,1,4,1,72,3,3,0,3,1,7632,14295,4,1,12,3,3,0,10,2,3,8,7,0,0,0
31,1,534,1,20,3,1,1,1,66,3,3,0,3,1,9824,22908,3,0,12,3,1,0,12,2,3,1,0,0,0,1
42,1,1474,1,5,2,4,2,1,97,3,1,2,3,1,2093,9260,4,0,17,3,4,1,8,4,3,2,2,2,0,0
22,1,1368,1,4,1,5,3,1,99,2,1,2,3,2,3894,9129,5,0,16,3,3,0,4,3,3,2,2,1,2,1
48,2,163,2,2,5,2,2,0,37,3,2,7,4,1,4051,19658,2,0,14,3,1,1,14,2,3,9,7,6,7,0
41,0,267,2,10,2,1,4,1,56,3,2,7,4,2,6230,13430,7,0,14,3,4,0,16,3,3,14,3,1,10,0
39,1,443,1,8,1,1,3,0,48,3,1,2,3,1,3755,17872,1,0,11,3,1,1,8,3,3,8,3,0,7,0
31,2,828,2,2,1,1,2,1,77,3,2,7,4,2,6582,8346,4,1,13,3,3,0,10,2,4,6,5,0,5,0
45,2,561,2,2,3,4,4,1,61,3,2,7,2,1,4805,16177,0,0,19,3,2,1,9,3,4,8,7,3,7,0
26,1,426,0,17,4,1,2,0,58,3,1,1,3,0,2741,22808,0,1,11,3,2,1,8,2,2,7,7,1,0,1
29,2,232,1,19,3,5,4,1,34,3,2,4,4,0,4262,22645,4,0,12,3,2,2,8,2,4,3,2,1,2,0
33,2,922,1,1,5,3,1,0,95,4,4,5,3,0,16184,22578,4,0,19,3,3,1,10,2,3,6,1,0,5,0
18,1,1306,2,5,3,2,2,1,69,3,1,8,2,2,1878,8059,1,1,14,3,4,0,0,3,3,0,0,0,0,1
40,0,1094,2,28,3,4,3,1,58,1,3,7,1,0,10932,11373,3,0,15,3,3,1,20,2,3,1,0,0,1,0
41,0,509,1,2,4,4,1,0,62,2,2,0,3,2,6811,2112,2,1,17,3,1,0,10,3,3,8,7,0,7,0
35,2,195,2,1,3,3,1,0,80,3,2,7,3,2,4859,6698,1,0,16,3,4,0,5,3,3,5,4,0,3,0
34,2,258,2,21,4,1,4,1,74,4,2,7,4,2,5337,19921,1,0,12,3,4,0,10,3,3,10,7,5,7,0
26,2,471,1,24,3,5,3,1,66,1,1,2,4,2,2340,23213,1,1,18,3,2,0,1,3,1,1,0,0,0,1
37,2,799,1,1,3,5,2,0,59,3,3,4,4,2,7491,23848,4,0,17,3,4,0,12,3,4,6,5,1,2,0
46,1,1034,1,18,1,3,1,0,86,3,3,0,3,1,10527,8984,5,0,11,3,4,0,28,3,2,2,2,1,2,0
52,2,956,1,6,2,5,4,1,78,3,2,6,1,0,5577,22087,3,1,12,3,2,2,18,3,3,10,9,6,9,0
32,0,1474,2,11,4,4,4,1,60,4,2,7,3,1,4707,23914,8,0,12,3,4,0,6,2,3,4,2,1,2,1
24,1,535,2,24,3,3,4,1,38,3,1,8,4,1,2400,5530,0,0,13,3,3,2,3,3,3,2,2,2,1,0
38,2,1495,1,10,3,3,3,0,76,3,2,0,3,1,9824,22174,3,0,19,3,3,1,18,4,3,1,0,0,0,0
37,2,446,1,1,4,1,2,0,65,3,2,4,2,1,6447,15701,6,0,12,3,2,1,8,2,2,6,5,4,3,0
24,2,691,1,23,3,3,2,1,89,4,1,6,4,1,2725,21630,1,1,11,3,2,2,6,3,3,6,5,1,4,0
25,2,622,2,13,1,3,2,1,40,3,1,8,3,1,2096,26376,1,0,11,3,3,0,7,1,3,7,4,0,6,0
24,1,1287,1,7,3,1,1,0,55,3,1,2,3,1,2886,14168,1,1,16,3,4,1,6,4,3,6,3,1,2,1
30,1,448,2,12,4,1,2,1,74,2,1,8,1,1,2033,14470,1,0,18,3,3,1,1,2,4,1,0,0,0,1
34,2,254,1,1,2,1,2,1,83,2,1,6,4,1,3622,22794,1,1,13,3,4,1,6,3,3,6,5,1,3,0
31,2,1365,2,13,4,3,2,1,46,3,2,7,1,0,4233,11512,2,0,17,3,3,0,9,2,1,3,1,1,2,1
35,2,538,1,25,2,4,1,1,54,2,2,2,4,2,3681,14004,4,0,14,3,4,0,9,3,3,3,2,0,2,0
37,2,558,2,2,3,2,4,1,75,3,2,7,3,1,9602,3010,4,1,11,3,3,1,17,3,2,3,0,1,0,0
42,2,622,1,2,4,1,3,0,81,3,2,0,4,1,4089,5718,1,0,13,3,2,2,10,4,3,10,2,2,2,0
38,2,362,1,1,1,1,3,0,43,3,1,6,1,2,2619,14561,3,0,17,3,4,0,8,3,2,0,0,0,0,0
43,1,1001,1,9,5,3,4,1,72,3,2,2,3,0,5679,19627,3,1,13,3,2,1,10,3,3,8,7,4,7,0
48,2,1236,1,1,4,1,4,0,40,2,4,3,1,1,15402,17997,7,0,11,3,1,1,21,3,1,3,2,0,2,0
44,2,1112,0,1,4,1,1,0,50,2,2,1,3,2,5985,26894,4,0,11,3,2,0,10,1,4,2,2,0,2,0
34,2,204,2,14,3,5,3,0,31,3,1,8,3,0,2579,2912,1,1,18,3,4,2,8,3,3,8,2,0,6,0
27,2,1420,2,2,1,2,3,1,85,3,1,8,1,0,3041,16346,0,0,11,3,2,1,5,3,3,4,3,0,2,1
21,2,1343,2,22,1,5,3,1,49,3,1,8,3,2,3447,24444,1,0,11,3,3,0,3,2,3,3,2,1,2,0
33,2,1216,2,8,4,2,3,1,39,3,2,7,3,0,7104,20431,0,0,12,3,4,0,6,3,3,5,0,1,2,0
32,2,646,1,9,4,1,1,0,92,3,2,6,4,1,6322,18089,1,1,12,3,4,1,6,2,2,6,4,0,5,0
45,1,306,2,26,4,1,1,0,100,3,2,7,1,1,4286,5630,2,0,14,3,4,2,5,4,3,1,1,0,0,1
26,2,991,1,6,3,1,3,0,71,3,1,2,4,1,2659,17759,1,1,13,3,3,1,3,2,3,3,2,0,2,0
37,2,482,1,3,3,4,3,1,36,3,3,4,3,1,9434,9606,1,0,15,3,3,1,10,2,3,10,7,7,8,0
54,2,397,0,19,4,3,3,1,88,3,3,1,2,1,10725,6729,2,0,15,3,3,1,16,1,4,9,7,7,1,0
36,2,913,1,9,2,3,2,1,48,2,2,4,2,0,8847,13934,2,1,11,3,3,1,13,2,3,3,2,0,2,0
35,0,727,1,3,3,1,3,1,41,2,1,2,3,1,1281,16900,1,0,18,3,3,2,1,3,3,1,0,0,0,0
23,2,885,1,4,3,3,1,1,58,4,1,6,1,1,2819,8544,2,0,16,3,1,1,5,3,4,3,2,0,2,0
48,2,817,2,2,1,2,2,1,56,4,2,7,2,1,8120,18597,3,0,12,3,4,0,12,3,3,2,2,2,2,0
37,2,1225,1,10,2,1,4,1,80,4,1,6,4,2,4680,15232,3,0,17,3,1,0,4,2,3,1,0,0,0,0
34,2,1442,1,9,3,3,4,0,46,2,3,0,2,2,8621,17654,1,0,14,3,2,0,9,3,4,8,7,7,7,0
32,2,929,2,10,3,2,4,1,55,3,2,7,4,2,5396,21703,1,0,12,3,4,0,10,2,2,10,7,0,8,0
50,1,562,2,8,2,5,2,1,50,3,2,7,3,1,6796,23452,3,1,14,3,1,1,18,4,3,4,3,1,3,1
38,2,827,1,1,4,1,2,0,33,4,2,0,4,2,7625,19383,0,0,13,3,3,0,10,4,2,9,7,1,8,0
27,2,608,1,1,2,1,3,0,68,3,3,4,1,1,7412,6009,1,0,11,3,4,0,9,3,3,9,7,0,7,0
47,2,703,2,14,4,2,4,1,42,3,2,7,1,2,4960,11825,2,0,12,3,4,0,20,2,3,7,7,1,7,0
60,2,1179,2,16,4,2,1,1,84,3,2,7,1,2,5405,11924,8,0,14,3,4,0,10,1,3,2,2,2,2,0
50,2,316,2,8,4,2,4,1,54,3,1,8,2,1,3875,9983,7,0,15,3,4,1,4,2,3,2,2,2,2,0
28,2,654,1,1,2,1,1,0,67,1,1,6,2,2,2216,3872,7,1,13,3,4,0,10,4,3,7,7,3,7,1
38,2,168,1,1,3,1,3,0,81,3,3,4,3,2,7861,15397,4,1,14,3,4,0,10,4,4,1,0,0,0,0
42,1,933,1,19,3,3,3,1,57,4,1,6,3,0,2759,20366,6,1,12,3,4,0,7,2,3,2,2,2,2,1
34,2,970,1,8,2,3,2,0,96,3,2,0,3,2,6142,7360,3,0,11,3,4,0,10,2,3,5,1,4,3,0
23,2,650,1,9,1,3,2,1,37,3,1,2,1,1,2500,4344,1,0,14,3,4,1,5,2,4,4,3,0,2,0
27,2,975,1,7,3,3,4,0,55,2,2,0,1,2,6811,23398,8,0,19,3,1,0,9,2,1,7,6,0,7,0
29,2,1090,2,10,3,2,4,1,83,3,1,8,2,0,2297,17967,1,0,14,3,4,2,2,2,3,2,2,2,2,0
53,2,346,1,6,3,1,4,1,86,3,2,2,4,2,2450,10919,2,0,17,3,4,0,19,4,3,2,2,2,2,0
35,0,1225,1,2,4,1,4,0,61,3,2,0,1,0,5093,4761,2,0,11,3,1,1,16,2,4,1,0,0,0,0
32,1,430,1,24,4,1,1,1,80,3,2,2,4,1,5309,21146,1,0,15,3,4,2,10,2,3,10,8,4,7,0
34,2,167,1,8,5,1,2,0,32,3,2,4,1,0,5121,4187,3,0,14,3,3,1,7,3,3,0,0,0,0,0
33,2,527,1,1,4,4,4,1,63,3,1,6,4,2,2686,5207,1,1,13,3,3,0,10,2,2,10,9,7,8,1
45,2,954,2,2,2,5,2,1,46,1,2,8,3,2,6632,12388,0,0,13,3,1,0,9,3,3,8,7,3,1,0
23,2,310,1,10,1,3,1,1,79,4,1,6,3,2,3505,19630,1,0,18,3,4,0,2,3,3,2,2,0,2,0
47,1,719,2,27,2,1,2,0,77,4,2,7,3,2,6397,10339,4,1,12,3,4,0,8,2,3,5,4,1,3,1
36,0,1434,2,8,4,1,1,1,76,2,3,7,1,2,7587,14229,1,0,15,3,2,0,10,1,3,10,7,0,9,0
52,0,715,1,19,4,3,4,1,41,3,1,6,4,1,4258,26589,0,0,18,3,1,1,5,3,3,4,3,1,2,0
26,1,575,1,1,2,1,1,0,71,1,1,2,4,0,4364,5288,3,0,14,3,1,1,5,2,3,2,2,2,0,0
29,2,657,1,27,3,3,2,0,66,3,2,0,3,1,4335,25549,4,0,12,3,1,1,11,3,2,8,7,1,1,0
26,2,1146,2,8,3,5,4,1,38,2,2,7,1,2,5326,3064,6,0,17,3,3,0,6,2,2,4,3,1,2,1
34,2,182,1,1,4,1,2,0,72,4,1,6,4,2,3280,13551,2,0,16,3,3,0,10,2,3,4,2,1,3,0
27,1,829,2,8,1,2,3,1,84,3,2,7,4,1,4342,24008,0,0,19,3,2,1,5,3,3,4,2,1,1,0
37,2,571,1,10,1,1,4,0,82,3,1,6,1,0,2782,19905,0,1,13,3,2,2,6,3,2,5,3,4,3,0
38,1,240,1,2,4,1,1,0,75,4,2,4,1,2,5980,26085,6,1,12,3,4,0,17,2,3,15,7,4,12,0
34,2,121,1,2,4,3,3,0,86,2,1,6,1,2,4381,7530,1,0,11,3,3,0,6,3,3,6,5,1,3,0
35,2,384,2,8,4,1,1,0,72,3,1,8,4,1,2572,20317,1,0,16,3,2,1,3,1,2,3,2,0,2,0
34,2,1111,2,8,2,1,3,0,93,3,2,7,1,1,6500,13305,5,0,17,3,2,1,6,1,3,3,2,1,2,0
29,2,805,1,1,2,1,2,0,36,2,1,2,1,1,2319,6689,1,1,11,3,4,1,1,1,3,1,0,0,0,1
33,2,213,1,7,3,3,3,1,49,3,3,5,3,1,11691,25995,0,0,11,3,4,0,14,3,4,13,9,3,7,0
33,2,118,2,16,3,2,1,0,69,3,2,7,1,2,5324,26507,5,0,15,3,3,0,6,3,3,3,2,0,2,1
36,2,676,1,1,3,4,3,0,35,3,2,4,2,1,5228,23361,0,0,15,3,1,1,10,2,3,9,7,0,5,0
28,2,890,1,2,4,3,3,1,46,3,1,6,3,2,4382,16374,6,0,17,3,4,0,5,3,2,2,2,2,1,1
36,2,1041,0,13,3,0,3,1,36,3,1,1,2,1,2143,25527,4,0,13,3,2,1,8,2,3,5,2,0,4,0
32,2,859,1,4,3,1,3,0,98,2,2,4,3,1,6162,19124,1,0,12,3,3,1,14,3,3,14,13,6,8,0
45,2,252,1,2,3,1,2,0,95,2,1,6,3,2,2274,6153,1,0,14,3,4,0,1,3,3,1,0,0,0,0
42,2,933,1,29,3,1,2,1,98,3,2,4,2,1,4434,11806,1,0,13,3,4,1,10,3,2,9,8,7,8,0
38,1,471,1,12,3,1,1,1,45,2,2,0,1,0,6288,4284,2,0,15,3,3,1,13,3,2,4,3,1,2,0
34,1,702,1,16,4,1,3,0,100,2,1,6,4,2,2553,8306,1,0,16,3,3,0,6,3,3,5,2,1,3,0
49,2,1184,2,11,3,2,3,0,43,3,3,7,4,1,7654,5860,1,0,18,3,1,2,9,3,4,9,8,7,7,1
55,2,436,2,2,1,3,3,1,37,3,2,7,4,2,5160,21519,4,0,16,3,3,0,12,3,2,9,7,7,3,1
27,2,269,1,5,1,5,3,1,42,2,3,5,4,0,12808,8842,1,1,16,3,2,1,9,3,3,9,8,0,8,0
34,2,829,0,3,2,0,3,1,88,3,1,1,4,1,3737,2243,0,0,19,3,3,1,4,1,1,3,2,0,2,0
26,1,887,1,5,2,3,3,0,88,2,1,6,3,1,2366,20898,1,1,14,3,1,1,8,2,3,8,7,1,7,1
25,2,180,1,2,1,3,1,1,65,4,1,6,1,2,3424,21632,7,0,13,3,3,0,6,3,2,4,3,0,1,0
35,2,1343,1,27,1,3,3,0,53,2,1,6,1,2,2559,17852,1,0,11,3,4,0,6,3,2,6,5,1,1,0
36,2,928,2,1,2,1,2,1,56,3,2,7,4,1,6201,2823,1,1,14,3,4,1,18,1,2,18,14,4,11,0
32,2,117,2,13,4,1,2,1,73,3,2,7,4,0,4403,9250,2,0,11,3,3,1,8,3,2,5,2,0,3,0
45,2,930,2,9,3,2,4,1,74,3,3,7,1,0,10761,19239,4,1,12,3,3,1,18,2,3,5,4,0,2,0
32,2,638,1,8,2,3,3,0,91,4,2,6,3,1,5175,22162,5,0,12,3,3,1,9,3,2,5,3,1,3,0
37,2,342,2,16,4,2,4,1,66,2,2,7,3,0,6334,24558,4,0,19,3,4,2,9,2,3,1,0,0,0,0
42,1,1271,1,2,1,3,2,1,35,3,1,6,4,2,2515,9068,5,1,14,3,4,0,8,2,3,2,1,2,2,0
25,2,141,2,3,1,4,3,1,98,3,2,7,1,1,4194,14363,1,1,18,3,4,0,5,3,3,5,3,0,3,0
35,1,130,1,25,4,1,4,0,96,3,1,6,2,0,2022,16612,1,1,19,3,1,1,10,3,2,10,2,7,8,1
32,0,300,1,1,3,1,4,1,61,3,1,2,4,0,2314,9148,0,0,12,3,2,1,4,2,3,3,0,0,2,0
25,2,583,2,4,1,2,3,1,87,2,2,7,1,1,4256,18154,1,0,12,3,1,0,5,1,4,5,2,0,3,0
49,2,1418,1,1,3,5,3,0,36,3,1,6,1,1,3580,10554,2,0,16,3,2,1,7,2,3,4,2,0,2,0
24,0,1269,1,4,1,1,1,1,46,2,1,2,4,1,3162,10778,0,0,17,3,4,0,6,2,2,5,2,3,4,0
32,1,379,2,5,2,1,2,1,48,3,2,7,2,1,6524,8891,1,0,14,3,4,1,10,3,3,10,8,5,3,0
38,2,395,2,9,3,2,2,1,98,2,1,8,2,1,2899,12102,0,0,19,3,4,1,3,3,3,2,2,1,2,0
42,2,1265,1,3,3,1,3,0,95,4,2,2,4,1,5231,23726,2,1,13,3,2,1,17,1,2,5,3,1,3,0
31,2,1222,1,11,4,1,4,1,48,3,1,6,4,1,2356,14871,3,1,19,3,2,1,8,2,3,6,4,0,2,0
53,2,868,2,8,3,2,1,1,73,3,4,7,4,1,11836,22789,5,0,14,3,3,1,28,3,3,2,0,2,2,0
35,2,672,1,25,3,5,4,1,78,2,3,4,2,1,10903,9129,3,0,16,3,1,0,16,2,3,13,10,4,8,0
37,1,1231,2,21,2,3,3,0,54,3,1,8,4,1,2973,21222,5,0,15,3,2,1,10,3,3,5,4,0,0,0
43,1,422,1,1,3,1,4,0,33,3,2,0,4,1,5562,21782,4,0,13,3,2,1,12,2,2,5,2,2,2,0
37,0,1252,2,19,2,3,1,1,32,3,3,7,2,2,7642,4814,1,1,13,3,4,0,10,2,3,10,0,0,9,0
39,2,1383,0,2,3,1,4,0,42,2,2,1,4,1,5204,7790,8,0,11,3,3,2,13,2,3,5,4,0,4,0
33,2,1075,0,3,2,0,4,1,57,3,1,1,2,0,2277,22650,3,1,11,3,3,1,7,4,4,4,3,0,3,0
28,2,821,2,5,4,3,1,1,98,3,2,7,4,2,4908,24252,1,0,14,3,2,0,4,3,3,4,2,0,2,0
20,2,500,2,2,3,3,3,0,49,2,1,8,3,2,2044,22052,1,0,13,3,4,0,2,3,2,2,2,0,2,1
21,2,1427,1,18,1,4,4,0,65,3,1,6,4,2,2693,8870,1,0,19,3,1,0,1,3,2,1,0,0,0,1
36,2,1425,1,14,1,1,3,1,68,3,2,0,4,1,6586,4821,0,1,17,3,1,1,17,2,2,16,8,4,11,0
47,2,1454,2,2,4,1,4,0,65,2,1,8,4,2,3294,13137,1,1,18,3,1,0,3,3,2,3,2,1,2,0
22,2,617,1,3,1,1,2,0,34,3,2,4,3,1,4171,10022,0,1,19,3,1,1,4,3,4,3,2,0,2,1
41,2,1085,1,2,4,1,2,0,57,1,1,2,4,0,2778,17725,4,1,13,3,3,1,10,1,2,7,7,1,0,1
28,2,995,1,9,3,3,3,0,77,3,1,6,3,0,2377,9834,5,0,18,3,2,1,6,2,3,2,2,2,2,0
27,2,618,1,4,3,1,2,0,76,3,1,6,3,2,2318,17808,1,0,19,3,3,0,1,2,3,1,1,0,0,0
34,2,546,1,10,3,1,2,1,83,3,1,2,2,0,2008,6896,1,0,14,3,2,2,1,3,3,1,0,1,0,0
33,2,1198,1,1,4,4,3,1,100,2,1,6,1,2,2799,3339,3,1,11,3,2,0,6,1,3,3,2,0,2,0
58,2,1272,1,5,3,5,3,0,37,2,3,0,2,0,10552,9255,2,1,13,3,4,1,24,3,3,6,0,0,4,0
31,2,154,2,7,4,1,2,1,41,2,1,8,3,1,2329,11737,3,0,15,3,2,0,13,2,4,7,7,5,2,0
48,2,1469,1,20,4,3,4,1,51,3,1,6,3,1,2259,5543,4,0,17,3,1,2,13,2,2,0,0,0,0,0
31,0,1188,2,20,2,2,4,0,45,3,2,7,3,1,6932,24406,1,0,13,3,4,1,9,2,2,9,8,0,0,0
38,2,1333,1,1,3,5,4,0,80,3,3,5,1,1,13582,16292,1,0,13,3,2,1,15,3,3,15,12,5,11,0
40,2,658,2,10,4,2,1,1,67,2,3,7,2,0,9705,20652,2,0,12,3,2,1,11,2,2,1,0,0,0,0
26,1,1283,2,1,3,3,3,1,52,2,2,7,1,2,4294,11148,1,0,12,3,2,0,7,2,3,7,7,0,7,0
19,2,419,2,21,3,4,4,1,37,2,1,8,2,2,2121,9947,1,1,13,3,2,0,1,3,4,1,0,0,0,1
20,2,129,1,4,3,5,1,1,84,3,1,2,1,2,2973,13008,1,0,19,3,2,0,1,2,3,1,0,0,0,1
40,1,1469,1,9,4,3,4,1,35,3,1,6,2,0,3617,25063,8,1,14,3,4,1,3,2,3,1,1,0,0,0
32,2,498,1,3,4,3,3,0,93,3,2,4,1,1,6725,13554,1,0,12,3,3,1,8,2,4,8,7,6,3,0
33,2,1069,1,1,3,1,2,0,42,2,2,0,4,2,6949,12291,0,0,14,3,1,0,6,3,3,5,0,1,4,0
35,2,1219,2,18,3,3,3,0,86,3,2,7,3,1,4601,6179,1,0,16,3,2,0,5,3,3,5,2,1,0,0
30,2,231,2,8,2,4,3,1,62,3,3,7,3,0,7264,9977,5,0,11,3,1,1,10,2,4,8,4,7,7,0
38,0,152,2,10,3,5,3,0,85,3,2,7,4,2,5666,19899,1,1,13,3,2,0,6,1,3,5,3,1,3,0
35,2,882,2,3,4,1,4,1,92,3,3,7,4,0,7823,6812,6,0,13,3,2,1,12,2,3,10,9,0,8,0
39,2,903,2,2,5,1,1,1,41,4,3,7,3,2,7880,2560,0,0,18,3,4,0,9,3,3,8,7,0,7,0
40,0,1479,2,24,3,1,2,0,100,4,4,7,2,2,13194,17071,4,1,16,3,4,0,22,2,2,1,0,0,0,1
36,0,1229,2,8,4,5,1,1,84,3,2,7,4,0,5079,25952,4,0,13,3,4,2,12,3,3,7,7,0,7,0
33,2,461,1,13,1,1,2,0,53,3,1,6,4,2,3452,17241,3,0,18,3,1,0,5,4,3,3,2,0,2,0
45,2,974,1,1,4,3,4,0,91,3,1,2,4,0,2270,11005,3,0,14,3,4,2,8,2,3,5,3,0,2,0
33,1,827,1,1,4,4,3,0,84,4,2,0,2,1,5488,20161,1,1,13,3,1,1,6,2,3,6,5,1,2,0
45,0,248,1,23,2,1,4,1,42,3,2,2,1,1,3633,14039,1,1,15,3,3,1,9,2,3,9,8,0,8,0
30,2,138,1,22,3,1,1,0,48,3,1,6,3,1,2132,11539,4,1,11,3,2,0,7,2,3,5,2,0,1,1
50,2,939,1,24,3,1,4,1,95,3,4,4,3,1,13973,4161,3,1,18,3,4,1,22,2,3,12,11,1,5,0
46,2,566,1,7,2,3,4,1,75,3,3,4,3,0,10845,24208,6,0,13,3,2,1,13,3,3,8,7,0,7,0
31,1,853,1,1,1,1,3,0,96,3,2,4,1,1,4148,11275,1,0,12,3,3,1,4,1,3,4,3,0,3,0
18,0,287,1,5,2,1,2,1,73,3,1,6,4,2,1051,13493,1,0,15,3,4,0,0,2,3,0,0,0,0,0
54,2,1441,1,17,3,5,3,0,56,3,3,4,3,1,10739,13943,8,0,11,3,3,1,22,2,3,10,7,0,8,0
20,2,1097,1,11,3,3,4,0,98,2,1,6,1,2,2600,18275,1,1,15,3,1,0,1,2,3,1,0,0,0,1
30,1,109,1,5,3,3,2,0,60,3,1,2,2,2,2422,25725,0,0,17,3,1,0,4,3,3,3,2,1,2,1
26,2,1066,1,2,2,3,4,1,32,4,2,4,4,1,5472,3334,1,0,12,3,2,0,8,2,3,8,7,1,3,0
22,2,217,1,8,1,1,2,1,94,1,1,2,1,1,2451,6881,1,0,15,3,1,1,4,3,2,4,3,1,1,0
48,2,1355,1,4,4,1,3,1,78,2,3,0,3,2,10999,22245,7,0,14,3,2,0,27,3,3,15,11,4,8,0
27,2,1055,1,2,4,1,1,0,47,3,2,4,4,1,4227,4658,0,0,18,3,2,1,4,2,3,3,2,2,2,0
37,2,1141,1,11,2,3,1,0,61,1,2,0,2,1,4777,14382,5,0,15,3,1,0,15,2,1,1,0,0,0,1
55,1,135,1,18,4,3,3,1,62,3,2,0,2,1,6385,12992,3,1,14,3,4,2,17,3,3,8,7,6,7,0
38,2,1035,2,3,4,1,2,1,42,3,2,7,4,2,6861,4981,8,1,12,3,3,0,19,1,3,1,0,0,0,0
50,0,145,2,1,3,1,4,0,95,3,2,7,3,1,6347,24920,0,0,12,3,1,1,19,3,3,18,7,0,13,0
33,0,1038,2,8,1,1,2,0,88,2,1,8,4,2,2342,21437,0,0,19,3,4,0,3,2,2,2,2,2,2,0
34,2,216,2,1,4,2,2,1,75,4,2,7,4,0,9725,12278,0,0,11,3,4,1,16,2,2,15,1,0,9,0
59,2,1089,2,1,2,5,2,1,66,3,3,3,4,1,11904,11038,3,1,14,3,3,1,14,1,1,6,4,0,4,0
45,2,788,0,24,4,3,2,1,36,3,1,1,2,2,2177,8318,1,0,16,3,1,0,6,3,3,6,3,0,4,0
36,2,660,1,15,3,4,1,1,81,3,2,2,3,0,4834,7858,7,0,14,3,2,1,9,3,2,1,0,0,0,1
26,1,342,1,2,3,1,1,1,57,3,1,6,1,1,2042,15346,6,1,14,3,2,1,6,2,3,3,2,1,2,1
34,2,1333,2,10,4,1,3,0,87,3,1,8,3,1,2220,18410,1,1,19,3,4,1,1,2,3,1,1,0,0,0
38,1,1186,1,3,4,4,3,1,44,3,1,6,3,1,2821,2997,3,0,16,3,1,1,8,2,3,2,2,2,2,0
37,2,124,1,3,3,4,4,0,35,3,2,0,2,2,4107,13848,3,0,15,3,1,0,8,3,2,4,3,0,1,0
40,2,300,2,26,3,2,3,1,74,3,2,7,1,1,8396,22217,1,0,14,3,2,1,8,3,2,7,7,7,5,0
54,2,1082,2,2,4,1,3,0,41,2,3,7,3,1,10686,8392,6,0,11,3,2,1,13,4,3,9,4,7,0,0
56,1,1240,1,9,3,3,1,0,63,3,1,6,3,1,2942,12154,2,0,19,3,2,1,18,4,3,5,4,0,3,0
36,2,796,1,12,5,3,4,0,51,2,3,4,4,2,8858,15669,0,0,11,3,2,0,15,2,2,14,8,7,8,0
20,1,769,2,9,3,2,4,0,54,3,1,8,4,2,2323,17205,1,1,14,3,2,0,2,3,3,2,2,0,2,1
28,0,1366,1,24,2,5,2,1,72,2,3,0,1,2,8722,12355,1,0,12,3,1,0,10,2,2,10,7,1,9,1
26,2,192,1,1,2,3,1,1,59,2,1,2,1,1,3955,11141,1,0,16,3,1,2,6,2,3,5,3,1,3,0
30,2,1176,1,20,3,4,3,1,85,3,2,4,1,1,9957,9096,0,0,15,3,3,1,7,1,2,6,2,0,2,0
41,2,509,1,7,2,5,2,0,43,4,1,6,3,1,3376,18863,1,0,13,3,3,0,10,3,3,10,6,0,8,0
55,1,1091,1,2,1,1,4,1,65,3,3,4,2,1,10976,15813,3,0,18,3,2,1,23,4,3,3,2,1,2,0
28,2,857,1,10,3,4,3,0,59,3,2,6,3,2,3660,7909,3,0,13,3,4,0,10,4,4,8,7,1,7,0
33,2,654,1,5,3,1,4,1,34,2,3,0,4,0,7119,21214,4,0,15,3,3,1,9,2,3,3,2,1,2,0
34,1,618,1,3,1,1,1,1,45,3,2,0,4,2,7756,22266,0,0,17,3,3,0,7,1,2,6,2,0,4,0
25,2,1219,1,4,1,5,4,1,32,3,1,2,4,1,3691,4605,1,1,15,3,2,1,7,3,4,7,7,5,6,1
28,1,1009,1,1,3,3,1,1,45,2,1,2,2,0,2596,7160,1,0,15,3,1,2,1,2,3,1,0,0,0,1
50,1,959,2,1,4,4,4,1,81,3,2,7,3,2,4728,17251,3,1,14,3,4,0,5,4,3,0,0,0,0,1
33,1,970,2,7,3,1,4,0,30,3,2,7,2,1,4302,13401,0,0,17,3,3,1,4,3,3,3,2,0,2,0
45,0,1050,2,9,4,1,2,0,65,2,2,7,3,1,5593,17970,1,0,13,3,4,1,15,2,3,15,10,4,12,0
52,2,994,1,7,4,1,2,1,87,3,3,0,2,2,10445,15322,7,0,19,3,4,0,18,4,3,8,6,4,0,0
38,2,770,2,10,4,2,3,1,73,2,3,7,3,0,8740,5569,0,1,14,3,2,2,9,2,3,8,7,2,7,0
38,2,130,2,2,2,2,4,1,32,3,3,7,2,2,7351,20619,7,0,16,3,3,0,10,2,3,1,0,0,0,0
43,1,1082,1,27,3,1,3,0,83,3,3,4,1,1,10820,11535,8,0,11,3,3,1,18,1,3,8,7,0,1,0
31,1,793,2,20,3,1,3,1,67,4,1,8,4,1,2791,21981,0,0,12,3,1,1,3,4,3,2,2,2,2,0
28,2,1451,1,2,1,1,1,1,67,2,1,6,2,1,3201,19911,0,0,17,3,1,0,6,2,1,5,3,0,4,0
35,1,1182,2,11,2,2,4,1,54,3,2,7,4,0,4968,18500,1,0,11,3,4,1,5,3,3,5,2,0,2,0
49,2,174,2,8,4,5,4,1,56,2,4,7,2,1,13120,11879,6,0,17,3,2,1,22,3,3,9,8,2,3,0
34,1,1003,1,2,2,1,4,1,95,3,2,4,3,2,4033,15834,2,0,11,3,4,0,5,3,2,3,2,0,2,0
29,1,490,1,10,3,1,4,0,61,3,1,6,2,0,3291,17940,0,0,14,3,4,2,8,2,2,7,5,1,1,0
42,2,188,1,29,3,3,2,1,56,1,2,2,4,2,4272,9558,4,0,19,3,1,0,16,3,3,1,0,0,0,0
29,2,718,1,8,1,3,2,1,79,2,2,4,4,1,5056,17689,1,1,15,3,3,1,10,2,2,10,7,1,2,0
38,2,433,0,1,3,0,3,1,37,4,1,1,3,1,2844,6004,1,0,13,3,4,1,7,2,4,7,6,5,0,0
28,1,773,1,6,3,1,3,1,39,2,1,6,3,0,2703,22088,1,1,14,3,4,1,3,2,3,3,1,0,2,0
33,2,603,2,9,4,2,1,0,77,3,2,7,1,2,8224,18385,0,1,17,3,1,0,6,3,3,5,2,0,3,1
41,2,167,1,12,4,1,2,1,46,3,1,2,4,1,4766,9051,3,1,11,3,1,1,6,4,3,1,0,0,0,0
37,2,367,1,25,2,3,3,0,52,2,2,0,4,0,5731,17171,7,0,13,3,3,2,9,2,3,6,2,1,3,0
35,2,528,0,8,4,5,3,1,100,3,1,1,3,2,4323,7108,1,0,17,3,2,0,6,2,1,5,4,1,4,0
29,2,408,2,23,1,1,4,0,45,2,3,7,1,1,7336,11162,1,0,13,3,1,1,11,3,1,11,8,3,10,1
42,2,647,2,4,4,2,2,1,45,3,2,7,1,2,5155,2253,7,0,13,3,4,0,9,3,4,6,4,1,5,0
35,2,982,1,1,4,3,4,1,58,2,1,2,3,1,2258,16340,6,0,12,3,2,1,10,2,3,8,0,1,7,0
28,2,1485,1,12,1,1,3,0,79,3,1,2,4,1,2515,22955,1,1,11,3,4,0,1,4,2,1,1,0,0,1
30,2,852,2,10,3,2,3,1,72,2,2,7,3,1,6578,2706,1,0,18,3,1,1,10,3,3,10,3,1,4,0
40,1,902,1,26,2,3,3,0,92,2,2,6,4,1,4422,21203,3,1,13,3,4,1,16,3,1,1,1,0,0,0
35,2,819,1,2,3,1,3,1,44,2,3,4,2,0,10274,19588,2,0,18,3,2,1,15,2,4,7,7,6,4,0
35,1,636,1,4,4,4,4,1,47,2,1,2,4,1,2376,26537,1,0,13,3,2,1,2,2,4,2,2,2,2,0
43,2,1372,2,9,3,2,1,0,85,1,2,7,3,2,5346,9489,8,0,13,3,2,0,7,2,2,4,3,1,3,1
45,2,1457,1,7,3,3,1,0,83,3,1,6,3,1,4477,20100,4,1,19,3,3,1,7,2,2,3,2,0,2,0
37,2,977,1,1,3,1,4,0,56,2,2,4,4,1,6474,9961,1,0,13,3,2,1,14,2,2,14,8,3,11,0
20,2,805,1,3,3,1,1,1,87,2,1,2,3,2,3033,12828,1,0,12,3,1,0,2,2,2,2,2,1,2,0
44,2,1097,1,10,4,1,3,1,96,3,1,6,3,2,2936,10826,1,1,11,3,3,0,6,4,3,6,4,0,2,1
29,2,942,1,15,1,1,2,0,69,1,1,6,4,1,2168,26933,0,1,18,3,1,1,6,2,2,5,4,1,3,0
44,0,111,1,17,3,1,4,1,74,1,1,6,3,2,2290,4279,2,0,13,3,4,0,6,3,3,0,0,0,0,0
33,2,147,0,2,3,0,2,1,99,3,1,1,3,1,3600,8429,1,0,13,3,4,1,5,2,3,5,4,1,4,0
41,0,906,1,5,2,1,1,1,95,2,1,6,1,0,2107,20293,6,0,17,3,1,1,5,2,1,1,0,0,0,1
24,2,984,1,17,2,1,4,0,97,3,1,2,2,1,2210,3372,1,0,13,3,1,1,1,3,1,1,0,0,0,1
33,1,1146,2,25,3,3,2,0,82,3,2,7,3,1,4539,4905,1,0,12,3,1,1,10,3,2,10,7,0,1,0
36,2,917,1,6,4,1,3,1,60,1,1,2,3,0,2741,6865,1,0,14,3,3,1,7,4,3,7,7,1,7,0
20,2,654,2,21,3,2,3,1,43,4,1,8,4,2,2678,5050,1,0,17,3,4,0,2,2,3,2,1,2,2,0
46,2,150,1,2,4,5,4,1,60,3,2,4,4,0,7379,17433,2,0,11,3,3,1,12,3,2,6,3,1,4,0
42,0,179,0,2,5,3,4,1,79,4,2,1,1,1,6272,12858,7,0,16,3,1,1,10,3,4,4,3,0,3,0
60,2,696,2,7,4,2,2,1,52,4,2,7,4,0,5220,10893,0,1,18,3,2,1,12,3,3,11,7,1,9,0
32,1,1316,1,2,2,1,4,0,38,3,2,6,3,2,4998,2338,4,1,14,3,4,0,10,2,3,8,7,0,7,0
40,2,107,2,10,3,5,2,0,84,2,2,7,2,0,6852,11591,7,0,12,3,2,1,7,2,4,5,1,1,3,0
25,2,1356,2,10,4,1,3,1,57,3,2,7,4,2,4950,20623,0,0,14,3,2,0,5,4,3,4,3,1,1,0
27,2,1103,1,14,3,1,1,1,42,3,1,6,1,1,2235,14377,1,1,14,3,4,2,9,3,2,9,7,6,8,0
31,2,1332,1,11,2,3,3,1,80,3,2,0,1,1,6833,17089,1,1,12,3,4,0,6,2,2,6,5,0,1,0
31,2,1062,1,24,3,3,3,0,96,2,2,0,1,2,6812,17198,1,0,19,3,2,0,10,2,3,10,9,1,8,0
59,2,326,2,3,3,1,3,0,48,2,2,7,4,2,5171,16490,5,0,17,3,4,0,13,2,3,6,1,0,5,0
36,1,469,1,3,3,5,3,1,46,3,1,6,2,1,3692,9256,1,0,12,3,3,0,12,2,2,11,10,0,7,0
48,2,969,1,2,2,5,4,1,76,4,1,2,2,2,2559,16620,5,0,11,3,3,0,7,4,2,1,0,0,0,0
29,2,1329,1,7,3,1,3,1,82,3,2,0,4,0,6623,4204,1,1,11,3,2,2,6,2,3,6,0,1,0,0
29,2,694,1,1,3,1,4,0,87,2,4,5,4,0,16124,3423,3,0,14,3,2,2,9,2,2,7,7,1,7,0
33,2,536,2,10,5,2,4,1,82,4,3,7,3,0,8380,21708,0,1,14,3,4,2,10,3,3,9,8,0,8,0
19,2,265,1,25,3,1,2,0,57,4,1,6,4,2,2994,21221,1,1,12,3,4,0,1,2,3,1,0,0,1,0
25,1,599,2,24,1,1,3,1,73,1,1,8,4,2,1118,8040,1,1,14,3,4,0,1,4,3,1,0,1,0,1
34,2,131,2,2,3,2,3,0,86,3,2,7,1,2,4538,6039,0,1,12,3,4,0,4,3,3,3,2,0,2,0
34,1,135,1,19,3,3,3,0,46,3,2,2,2,0,4444,22534,4,0,13,3,3,2,15,2,4,11,8,5,10,0
28,1,791,1,1,4,3,4,1,44,3,1,2,3,2,2154,6842,0,1,11,3,3,0,5,2,2,4,2,0,2,0
35,2,735,1,6,1,1,3,1,66,3,1,6,3,1,3506,6020,0,1,14,3,4,0,4,3,3,3,2,2,2,0
42,2,603,1,7,4,3,2,0,78,4,2,6,2,1,2372,5628,6,1,16,3,4,0,18,2,3,1,0,0,0,0
44,2,621,1,15,3,3,1,0,73,3,3,0,4,1,7978,14075,1,0,11,3,4,1,10,2,3,10,7,0,5,1
28,1,193,1,2,3,1,4,1,52,2,1,2,4,1,3867,14222,1,1,12,3,2,1,2,2,3,2,2,2,2,0
30,0,879,1,9,2,3,3,0,72,3,2,4,3,2,4695,12858,7,1,18,3,3,0,10,3,3,8,4,1,7,0
29,2,806,1,7,3,5,2,0,39,3,1,2,3,0,3339,17285,3,1,13,3,1,2,10,2,3,7,7,7,7,1
28,2,640,1,1,3,5,4,1,84,3,1,6,1,2,2080,4732,2,0,11,3,2,0,5,2,2,3,2,1,2,0
25,2,266,1,1,3,3,4,0,40,3,1,6,2,2,2096,18830,1,0,18,3,4,0,2,3,2,2,2,2,1,0
32,2,604,2,8,3,3,3,1,56,4,2,7,4,1,6209,11693,1,0,15,3,3,2,10,4,4,10,7,0,8,0
58,2,848,1,23,4,1,1,1,88,3,1,6,3,0,2372,26076,1,0,12,3,4,2,2,3,3,2,2,2,2,0
32,2,1089,1,7,2,1,4,1,79,3,2,2,3,1,4883,22845,1,0,18,3,1,1,10,3,3,10,4,1,1,1
39,2,360,1,23,3,3,3,1,93,3,1,6,1,2,3904,22154,0,0,13,3,1,0,6,2,3,5,2,0,3,1
46,2,991,0,1,2,1,4,0,44,3,1,1,1,2,3423,22957,6,0,12,3,3,0,10,3,4,7,6,5,7,0
40,2,299,2,25,4,2,4,1,57,2,3,7,2,2,9094,17235,2,1,12,3,3,0,9,2,3,5,4,1,0,1
31,1,1060,2,1,3,1,4,0,54,3,1,8,2,2,2302,8319,1,1,11,3,1,0,3,2,4,3,2,2,2,1
44,2,935,1,3,3,1,1,1,89,3,1,2,1,1,2362,14669,4,0,12,3,3,0,10,4,4,3,2,1,2,1
41,1,1018,2,1,3,2,3,0,66,3,2,7,1,0,4103,4297,0,0,17,3,4,1,10,2,3,9,3,1,7,0
35,1,482,1,4,4,1,3,1,87,3,2,6,3,2,4249,2690,1,1,11,3,2,0,9,3,3,9,6,1,1,0
38,2,1009,2,2,2,1,2,0,31,3,2,7,1,0,6893,19461,3,0,15,3,4,1,11,3,3,7,7,1,7,0
36,1,607,2,7,3,2,1,0,83,4,2,7,1,1,4639,2261,2,0,16,3,4,1,17,2,2,15,7,6,13,0
48,2,855,1,4,3,1,4,1,54,3,3,4,4,2,7898,18706,1,0,11,3,3,0,11,2,3,10,9,0,8,0
27,2,1291,2,11,3,3,3,0,98,4,1,8,4,1,2534,6527,8,0,14,3,2,1,5,4,3,1,0,0,0,0
34,2,285,1,29,3,3,2,1,86,3,2,2,3,1,5429,17491,4,0,13,3,1,2,10,1,3,8,7,7,7,0
31,1,703,2,2,3,1,3,0,90,2,1,8,4,2,2785,11882,7,0,14,3,3,0,3,3,4,1,0,0,0,1
34,2,404,1,2,4,5,3,0,98,3,2,0,4,2,6687,6163,1,0,11,3,4,0,14,2,4,14,11,4,11,0
31,2,330,1,22,4,3,4,1,98,3,2,4,3,1,6179,21057,1,1,15,3,4,2,10,3,2,10,2,6,7,1
39,2,1498,2,21,4,1,1,1,44,2,2,7,4,1,6120,3567,3,1,12,3,4,2,8,2,4,5,4,1,4,0
41,1,1200,1,22,3,1,4,0,75,3,2,6,4,0,5467,13953,3,1,14,3,1,2,12,4,2,6,2,3,3,0
37,2,1439,1,4,1,1,3,1,54,3,1,6,3,1,2996,5182,7,1,15,3,4,0,8,2,3,6,4,1,3,0
33,1,1111,2,5,1,1,2,1,61,3,2,7,4,1,9998,19293,6,0,13,3,1,0,8,2,4,5,4,1,2,0
25,2,1372,2,18,1,1,1,1,93,4,2,7,3,1,6232,12477,2,0,11,3,2,0,6,3,2,3,2,1,2,0
52,1,322,1,28,2,3,4,0,59,4,4,4,3,1,13247,9731,2,1,11,3,2,1,24,3,2,5,3,0,2,0
27,2,205,2,10,3,2,4,0,98,2,2,7,4,1,5769,7100,1,1,11,3,4,0,6,3,3,6,2,4,4,0
27,2,135,1,17,4,1,4,0,51,3,1,6,3,2,2394,25681,1,1,13,3,4,0,8,2,3,8,2,7,7,1
26,2,683,1,2,1,3,1,1,36,2,1,6,4,2,3904,4050,0,0,12,3,4,0,5,2,3,4,3,1,1,0
35,1,200,1,18,2,1,3,1,60,3,3,4,4,2,9362,19944,2,0,11,3,3,0,10,2,3,2,2,2,2,0
25,2,949,1,1,3,5,1,1,81,3,1,2,4,1,3229,4910,4,0,11,3,2,1,7,2,2,3,2,0,2,0
26,2,652,1,7,3,4,3,1,100,4,1,2,1,2,3578,23577,0,0,12,3,4,0,8,2,3,7,7,0,7,0
29,2,332,0,17,3,4,2,1,51,2,3,1,1,2,7988,9769,1,0,13,3,1,0,10,3,2,10,9,0,9,0
29,1,337,1,14,1,4,3,0,84,3,3,0,4,2,7553,22930,0,1,12,3,1,0,9,1,3,8,7,7,7,1
36,2,1174,2,3,4,2,1,0,99,3,2,7,2,2,9278,20763,3,1,16,3,4,0,15,3,3,5,4,0,1,0
31,1,667,2,1,4,1,2,0,50,1,1,8,3,2,1359,16154,1,0,12,3,2,0,1,3,3,1,0,0,0,1
30,2,855,2,7,4,2,4,0,73,3,2,7,1,0,4779,12761,7,0,14,3,2,2,8,3,3,3,2,0,2,0
31,2,182,1,8,5,1,1,0,93,3,4,5,2,2,16422,8847,3,0,11,3,3,0,9,3,4,3,2,1,0,0
34,1,560,1,1,4,4,4,1,91,3,1,6,1,0,2996,20284,5,0,14,3,3,2,10,2,3,4,3,1,3,0
31,2,202,1,8,3,1,1,0,34,2,1,6,2,2,1261,22262,1,0,12,3,3,0,1,3,4,1,0,0,0,1
27,2,1377,1,11,1,1,2,1,91,3,1,2,1,1,2099,7679,0,0,14,3,2,0,6,3,4,5,0,1,4,0
36,2,172,1,4,4,1,1,1,37,2,2,2,4,2,5810,22604,1,0,16,3,3,0,10,2,2,10,4,1,8,0
36,2,329,2,16,4,2,3,0,98,2,2,7,1,1,5647,13494,4,0,13,3,1,2,11,3,2,3,2,0,2,0
47,2,465,1,1,3,5,1,1,74,3,1,6,4,1,3420,10205,7,0,12,3,3,1,17,2,2,6,5,1,2,0
25,2,383,2,9,2,1,1,1,68,2,1,8,1,1,4400,15182,3,0,12,3,1,0,6,2,3,3,2,2,2,1
37,0,1413,1,5,2,5,3,1,84,4,1,2,3,2,3500,25470,0,0,14,3,1,0,7,2,1,6,5,1,3,0
24,2,1476,2,4,1,3,4,0,42,3,2,7,3,1,4162,15211,1,1,12,3,3,2,5,3,3,5,4,0,3,0
32,2,601,2,7,5,2,4,1,97,3,2,7,4,1,9204,23343,4,0,12,3,3,1,7,3,2,4,3,0,3,0
34,2,401,1,1,3,1,4,0,86,2,1,2,2,1,3294,3708,5,0,17,3,1,1,7,2,2,5,4,0,2,0
40,0,663,1,9,4,4,3,1,81,3,2,2,3,0,3975,23099,3,0,11,3,3,2,11,2,4,8,7,0,7,0
46,2,377,2,9,3,2,1,1,52,3,3,7,4,0,10096,15986,4,0,11,3,1,1,28,1,4,7,7,4,3,1
31,1,1445,1,1,5,1,3,0,100,4,3,4,2,2,7446,8931,1,0,11,3,1,0,10,2,3,10,8,4,7,1
45,2,1038,1,20,3,3,2,1,95,1,3,0,1,0,10851,19863,2,1,18,3,2,1,24,2,3,7,7,0,7,0
31,1,523,1,2,3,1,2,1,94,3,1,2,4,1,3722,21081,6,1,13,3,3,1,7,2,1,2,2,2,2,1
45,2,1448,1,29,3,5,2,1,55,3,3,4,4,1,9380,14720,4,1,18,3,4,2,10,4,4,3,1,1,2,0
28,2,866,2,5,3,3,4,1,84,3,2,7,1,2,8463,23490,0,0,18,3,4,0,6,4,3,5,4,1,3,0
40,2,896,1,2,3,3,3,1,68,3,1,6,3,0,2345,8045,2,0,14,3,3,1,8,3,4,3,1,1,2,0
44,2,1467,1,20,3,1,4,1,49,3,1,6,2,2,3420,21158,1,0,13,3,3,0,6,3,2,5,2,1,3,0
33,1,430,2,7,3,3,4,1,54,3,2,7,1,1,4373,17456,0,0,14,3,1,2,5,2,3,4,3,0,3,0
34,2,1326,2,3,3,4,4,1,81,1,2,7,1,2,4759,15891,3,0,18,3,4,0,15,2,3,13,9,3,12,0
30,2,1358,2,16,1,1,4,1,96,3,2,7,3,1,5301,2939,8,0,15,3,3,2,4,2,2,2,1,2,2,0
42,1,748,1,9,2,3,1,0,74,3,1,2,4,2,3673,16458,1,0,13,3,3,0,12,3,3,12,9,5,8,0
44,1,383,2,1,5,2,1,0,79,3,2,7,3,1,4768,9282,7,0,12,3,3,1,11,4,2,1,0,0,0,0
30,0,990,1,7,3,5,3,1,64,3,1,6,3,0,1274,7152,1,0,13,3,2,2,1,2,2,1,0,0,0,0
28,1,1496,2,1,3,5,1,1,92,3,1,8,3,1,2909,15747,3,0,15,3,4,1,5,3,4,3,2,1,2,1
29,1,115,2,13,3,5,1,0,51,3,2,7,2,2,5765,17485,5,0,11,3,1,0,7,4,1,5,3,0,0,1
35,2,660,2,7,1,1,4,1,76,3,1,8,3,1,2404,16192,1,0,13,3,1,1,1,3,3,1,0,0,0,0
24,1,381,1,9,3,3,2,1,89,3,1,2,1,2,3172,16998,2,1,11,3,3,0,4,2,2,0,0,0,0,1
24,0,830,2,13,2,1,4,0,78,3,1,8,2,1,2033,7103,1,0,13,3,3,1,1,2,3,1,0,0,0,0
44,1,1193,1,2,1,3,2,1,86,3,3,4,3,2,10209,19719,5,1,18,3,2,0,16,2,2,2,2,2,2,0
29,2,1246,2,19,3,1,3,1,77,2,2,7,3,0,8620,23757,1,0,14,3,3,2,10,3,3,10,7,0,4,0
55,2,1229,1,4,4,1,4,1,30,3,2,0,3,1,4035,16143,0,1,16,3,2,0,4,2,3,3,2,1,2,0
47,2,571,2,14,3,3,3,0,78,3,2,7,3,1,4591,24200,3,1,17,3,3,1,11,4,2,5,4,1,2,0
28,1,289,1,2,2,3,3,1,38,2,1,2,1,2,2561,5355,7,0,11,3,3,0,8,2,2,0,0,0,0,1
28,2,1423,1,1,3,1,1,1,72,2,1,6,3,0,1563,12530,1,0,14,3,4,1,1,2,1,1,0,0,0,0
28,2,1083,1,29,1,1,3,1,96,1,2,4,2,1,6549,3173,1,0,14,3,2,2,8,2,2,8,6,1,7,0
29,2,224,1,1,4,5,1,1,100,2,1,6,1,2,2362,7568,6,0,13,3,3,0,11,2,1,9,7,0,7,1
39,2,1089,1,6,3,1,2,0,32,3,3,4,2,2,8376,9150,4,0,18,3,4,0,9,3,3,2,0,2,2,0
35,2,1029,1,16,3,1,4,0,91,2,3,0,2,2,8606,21195,1,0,19,3,4,0,11,3,1,11,8,3,3,0
23,2,507,1,20,1,1,1,1,97,3,2,2,3,2,2272,24812,0,0,14,3,2,0,5,2,3,4,3,1,2,0
40,2,676,1,9,4,1,4,1,86,3,1,2,1,2,2018,21831,3,0,14,3,2,0,15,3,1,5,4,1,0,1
31,1,561,1,3,3,1,4,0,33,3,1,6,3,2,4084,4156,1,0,12,3,1,0,7,2,1,7,2,7,7,1
42,2,1210,1,2,3,3,3,1,68,2,1,2,2,1,4841,24052,4,0,14,3,2,1,4,3,3,1,0,0,0,0
37,2,674,1,13,3,3,1,1,47,3,2,6,4,1,4285,3031,1,0,17,3,1,0,10,2,3,10,8,3,7,0
29,2,441,1,8,1,4,3,0,39,1,2,0,1,1,9715,7288,3,0,13,3,3,1,9,3,3,7,7,0,7,0
33,2,575,1,25,3,1,4,1,44,2,2,4,2,2,4320,24152,1,0,13,3,4,0,5,2,3,5,3,0,2,0
33,2,589,1,28,4,1,2,1,79,3,2,2,3,1,5207,22949,1,1,12,3,2,1,15,3,3,15,14,5,7,0
40,0,1142,1,8,2,1,4,1,72,3,2,0,4,0,4069,8841,3,1,18,3,3,0,8,2,3,2,2,2,2,0
32,2,824,1,5,2,1,4,0,67,2,2,6,2,1,5878,15624,3,0,12,3,1,1,12,2,3,7,1,2,5,0
48,2,492,2,16,4,1,3,0,96,3,2,7,3,0,6439,13693,8,0,14,3,3,1,18,2,3,8,7,7,7,0
29,2,598,1,9,3,1,3,1,91,4,1,6,3,1,2451,22376,6,0,18,3,1,2,5,2,2,1,0,0,0,0
30,2,740,2,1,3,1,2,1,64,2,2,7,1,1,9714,5323,1,0,11,3,4,1,10,4,3,10,8,6,7,1
38,1,888,0,10,4,0,3,1,71,3,2,1,3,1,6077,14814,3,0,11,3,3,0,10,2,3,6,3,1,2,0
35,2,992,1,1,3,3,4,1,68,2,1,2,1,2,2450,21731,1,0,19,3,2,0,3,3,3,3,0,1,2,0
30,2,1288,2,29,4,5,3,1,33,3,3,7,2,1,9250,17799,3,0,12,3,2,1,9,3,3,4,2,1,3,0
35,2,104,1,2,3,1,1,0,69,3,1,2,1,0,2074,26619,1,1,12,3,4,1,1,2,3,1,0,0,0,1
38,2,903,1,2,3,3,3,1,81,3,2,4,2,1,4855,7653,4,0,11,3,1,2,7,2,3,5,2,1,4,1
32,0,1200,1,1,4,5,4,1,62,3,2,6,1,1,4087,25174,4,0,14,3,2,1,9,3,2,6,5,1,2,0
48,2,1108,1,15,4,4,3,0,65,3,1,6,1,1,2367,16530,8,0,12,3,4,1,10,3,2,8,2,7,6,0
34,2,479,1,7,4,3,1,1,35,3,1,6,4,2,2972,22061,1,0,13,3,3,0,1,4,1,1,0,0,0,0
38,2,1245,2,14,3,1,3,1,80,3,2,7,2,1,9924,12355,0,0,11,3,4,1,10,3,3,9,8,7,7,0
29,2,1370,1,3,1,3,2,1,87,3,1,2,1,2,4723,16213,1,1,18,3,4,0,10,3,3,10,9,1,5,0
35,2,670,1,10,4,3,1,0,51,3,2,0,3,2,6142,4223,3,1,16,3,3,0,10,4,3,5,2,0,4,0
39,2,1462,2,6,3,3,4,1,38,4,3,7,3,1,8237,4658,2,0,11,3,1,1,11,3,3,7,6,7,6,0
23,2,977,1,10,3,5,4,1,45,4,1,6,3,1,2073,12826,2,0,16,3,4,1,4,2,3,2,2,2,2,0
36,1,1302,1,6,4,1,1,1,80,4,2,2,1,1,5562,19711,3,1,13,3,4,1,9,3,3,3,2,0,2,0
35,2,750,1,28,3,1,2,1,46,4,2,2,3,1,3407,25348,1,0,17,3,4,2,10,3,2,10,9,6,8,0
34,1,653,1,10,4,5,4,1,92,2,2,0,3,1,5063,15332,1,0,14,3,2,1,8,3,2,8,2,7,7,0
40,2,118,2,14,2,1,4,0,84,3,2,7,1,1,4639,11262,1,0,15,3,3,1,5,2,3,5,4,1,2,0
22,0,457,1,26,2,4,2,0,85,2,1,6,3,1,2814,10293,1,1,14,3,2,0,4,2,2,4,2,1,3,0
32,2,634,1,5,4,4,2,0,35,4,1,6,4,1,3312,18783,3,0,17,3,4,2,6,3,3,3,2,0,2,0
30,2,241,1,7,3,3,2,1,48,2,1,6,2,1,2141,5348,1,0,12,3,2,1,6,3,2,6,4,1,1,0
45,2,1015,1,5,5,3,3,0,50,1,2,2,1,2,5769,23447,1,1,14,3,1,0,10,3,3,10,7,1,4,0
45,0,336,2,26,3,2,1,1,52,2,2,7,1,1,4385,24162,1,0,15,3,1,1,10,2,3,10,7,4,5,0
31,1,715,2,2,4,4,4,1,54,3,2,7,1,2,5332,21602,7,0,13,3,4,0,10,3,3,5,2,0,3,0
34,1,426,1,10,4,1,3,1,42,4,2,4,4,0,4724,17000,1,0,13,3,1,1,9,3,3,9,7,7,2,0
49,2,722,1,25,4,1,3,0,84,3,1,2,1,1,3211,22102,1,0,14,3,4,1,10,3,2,9,6,1,4,0
27,2,1302,1,19,3,4,4,1,67,2,1,2,1,0,4066,16290,1,0,11,3,1,2,7,3,3,7,7,0,7,0
21,2,546,1,5,1,3,3,1,97,3,1,6,4,2,3117,26009,1,0,18,3,3,0,3,2,3,2,2,2,2,0
18,1,544,2,3,2,3,2,0,70,3,1,8,4,2,1569,18420,1,1,12,3,3,0,0,2,4,0,0,0,0,1
39,2,170,1,3,2,3,3,1,76,2,2,2,3,0,3069,10302,0,0,15,3,4,1,11,3,3,10,8,0,7,0
39,1,711,1,4,3,3,1,0,81,3,2,4,3,2,5042,3140,0,0,13,3,4,0,10,2,1,9,2,3,8,0
45,2,1329,1,2,2,4,4,0,59,2,2,4,4,0,5770,5388,1,0,19,3,1,2,10,3,3,10,7,3,9,0
37,2,1470,1,10,3,3,2,0,71,3,1,6,2,1,3936,9953,1,0,11,3,1,1,8,2,1,8,4,7,7,0
40,2,448,1,16,3,1,3,0,84,3,3,4,4,2,7945,19948,6,1,15,3,4,0,18,2,2,4,2,3,3,0
44,1,602,0,1,5,0,1,1,37,3,2,1,4,1,5743,10503,4,1,11,3,3,0,14,3,3,10,7,0,2,0
35,2,763,2,15,2,3,1,1,59,1,2,7,4,0,5440,22098,6,1,14,3,4,2,7,2,2,2,2,2,2,1
24,1,567,1,2,1,5,1,0,32,3,1,6,4,2,3760,17218,1,1,13,3,3,0,6,2,3,6,3,1,3,0
40,2,1329,1,7,3,1,1,1,73,3,1,2,1,2,2166,3339,3,1,14,3,2,0,10,3,1,4,2,0,3,1
49,2,301,1,22,4,4,1,0,72,3,4,5,2,1,16413,3498,3,0,16,3,2,2,27,2,3,4,2,1,2,0
20,2,1141,2,2,3,3,3,0,31,3,1,8,3,2,2783,13251,1,0,19,3,1,0,2,3,3,2,2,2,2,0
34,2,1130,1,3,3,1,4,0,66,3,2,6,2,0,5433,19332,1,0,12,3,3,1,11,2,3,11,8,7,9,0
36,2,311,1,7,3,1,1,1,77,3,1,2,2,2,2013,10950,2,0,11,3,3,0,15,4,3,4,3,1,3,0
38,1,1189,1,1,3,1,4,1,90,3,2,6,4,1,4735,9867,7,0,15,3,4,2,19,4,4,13,11,2,9,0
29,2,991,2,5,3,3,1,1,43,2,2,7,2,0,4187,3356,1,1,13,3,2,1,10,3,2,10,0,0,9,0
32,2,977,1,2,3,3,4,1,45,3,2,6,2,0,5470,25518,0,0,13,3,3,2,10,4,2,9,5,1,6,0
31,2,1112,2,5,4,1,1,0,67,3,2,7,4,1,5476,22589,1,0,11,3,1,2,10,2,3,10,0,0,2,0
49,2,464,1,16,3,3,4,0,74,3,1,2,1,0,2587,24941,4,1,16,3,2,1,17,2,2,2,2,2,2,0
49,2,809,1,1,3,1,3,1,36,3,4,3,3,2,15379,22384,4,0,14,3,1,0,23,2,3,8,7,0,0,0
41,2,1206,2,23,2,1,4,1,80,3,3,7,3,2,7082,11591,3,1,16,3,4,0,21,2,3,2,0,0,2,0
20,2,727,2,9,1,1,4,1,54,3,1,8,1,2,2728,21082,1,0,11,3,1,0,2,3,3,2,2,0,2,0
36,2,1351,1,26,4,1,1,1,80,3,2,0,3,1,5347,7419,6,0,14,3,2,2,10,2,2,3,2,0,2,0
23,2,1320,1,8,1,3,4,1,93,2,1,2,3,2,3989,20586,1,1,11,3,1,0,5,2,3,5,4,1,2,1
53,2,1395,1,24,4,3,2,1,48,4,3,0,4,1,7005,3458,3,0,15,3,3,0,11,2,3,4,3,1,2,0
48,1,708,2,7,2,3,4,0,95,3,1,8,3,1,2655,11740,2,1,11,3,3,2,19,3,3,9,7,7,7,1
32,2,1259,1,2,4,1,4,1,95,3,1,2,2,2,1393,24852,1,0,12,3,1,0,1,2,3,1,0,0,0,1
55,2,1441,1,22,3,5,1,1,94,2,1,6,2,0,3537,23737,5,0,12,3,4,1,8,1,3,4,2,1,2,0
34,2,1157,1,5,2,3,2,1,57,2,2,2,4,1,3986,11912,1,0,14,3,3,1,15,3,4,15,10,4,13,0
37,1,1278,2,1,4,3,3,1,31,1,2,7,4,0,9525,7677,1,0,14,3,3,2,6,2,2,6,3,1,3,0
44,2,921,1,2,3,1,3,0,96,4,3,0,4,1,7879,14810,1,1,19,3,2,1,9,2,3,8,7,6,7,0
35,1,146,1,2,4,3,1,1,79,2,1,6,4,2,4930,13970,0,1,14,3,3,0,6,2,4,5,4,1,4,0
24,2,581,1,9,3,3,3,1,62,4,1,6,3,1,4401,17616,1,0,16,3,4,1,5,1,3,5,3,0,4,0
36,2,530,2,2,4,1,3,0,51,3,2,8,4,2,4502,7439,3,0,15,3,3,0,17,2,2,13,7,6,7,0
24,2,240,0,22,1,0,4,1,58,1,1,1,3,1,1555,11585,1,0,11,3,3,1,1,2,3,1,0,0,0,1
32,1,585,1,10,3,1,1,1,56,3,1,6,3,1,3433,17360,6,0,13,3,1,1,10,3,2,5,2,1,3,0
31,2,741,1,2,4,1,2,1,69,3,1,2,3,1,3477,18103,1,0,14,3,4,1,6,2,4,5,2,0,3,0
41,0,552,0,4,3,0,3,1,60,1,2,1,2,1,6430,20794,6,0,19,3,2,1,10,4,3,3,2,1,2,0
40,2,369,1,8,2,1,2,0,92,3,2,4,1,1,6516,5041,2,1,16,3,2,1,18,3,3,1,0,0,0,0
46,2,717,1,13,4,1,3,1,34,3,2,0,2,2,5562,9697,6,0,14,3,4,0,19,3,3,10,7,0,9,0
35,2,1370,1,27,4,1,4,1,49,3,2,4,3,1,6883,5151,2,0,16,3,2,1,17,3,3,7,7,0,7,0
30,2,793,1,16,1,1,2,1,33,3,1,6,4,1,2862,3811,1,0,12,3,2,1,10,2,2,10,0,0,8,0
47,0,543,2,2,4,2,3,1,87,3,2,7,2,1,4978,3536,7,0,11,3,4,1,4,3,1,1,0,0,0,0
32,2,964,2,1,2,1,1,1,34,1,2,7,2,2,6735,12147,6,0,15,3,2,0,10,2,3,0,0,0,0,1
23,2,160,1,4,1,3,3,0,51,3,1,2,2,2,3295,12862,1,0,13,3,3,0,3,3,1,3,2,1,2,0
39,0,792,1,1,3,1,4,1,77,3,2,2,4,1,6472,8989,1,1,15,3,4,1,9,2,3,9,8,5,8,0
32,2,371,2,19,3,1,4,1,80,1,3,7,3,1,9610,3840,3,0,13,3,3,1,10,2,1,4,3,0,2,0
30,1,1312,1,2,4,5,4,0,78,2,1,6,1,2,4968,26427,0,0,16,3,4,0,10,2,3,9,7,0,7,0
24,1,897,0,10,3,3,1,1,59,3,1,1,4,1,2145,2097,0,0,14,3,4,1,3,2,3,2,2,2,1,0
31,2,1003,2,5,3,5,1,1,51,3,2,7,3,1,8346,20943,1,0,19,3,3,1,6,3,3,5,2,0,2,0
29,2,428,2,9,3,2,2,0,52,1,1,8,2,2,2760,14630,1,0,13,3,3,0,2,3,3,2,2,2,2,1
30,2,979,2,15,2,2,3,1,94,2,3,7,1,0,7140,3088,2,0,11,3,1,1,12,2,3,7,7,1,7,0
33,0,1283,2,2,3,2,4,0,62,3,2,7,2,2,5147,10697,8,0,15,3,4,0,13,2,2,11,7,1,7,0
49,2,1313,2,11,4,2,4,0,80,3,2,7,4,2,4507,8191,3,0,12,3,3,0,8,1,4,5,1,0,4,0
38,1,594,1,2,2,3,3,0,75,2,1,2,2,1,2468,15963,4,0,14,3,2,1,9,4,2,6,1,0,5,0
29,2,590,1,4,3,5,4,0,91,2,1,6,1,0,2109,10007,1,0,13,3,3,1,1,2,3,1,0,0,0,0
30,2,305,1,16,3,1,3,1,58,4,2,0,3,1,5294,9128,3,0,16,3,3,1,10,3,3,7,0,1,7,0
32,0,953,1,5,4,5,2,1,65,3,1,6,2,2,2718,17674,2,0,14,3,2,0,12,3,3,7,7,0,7,0
38,2,833,1,18,3,3,2,1,60,1,2,0,4,1,5811,24539,3,1,16,3,3,1,15,2,3,1,0,1,0,0
33,0,775,1,4,3,5,4,1,90,3,2,6,2,0,3055,6194,5,0,15,3,4,2,11,2,2,9,8,1,7,0
34,0,1375,2,10,3,1,4,1,87,3,2,7,3,0,4001,12313,1,1,14,3,3,1,15,3,3,15,14,0,7,0
34,2,511,2,3,2,1,4,0,32,1,2,7,4,2,6029,25353,5,0,12,3,1,0,6,3,3,2,2,2,2,0
21,2,337,2,7,1,2,2,1,31,3,1,8,2,2,2679,4567,1,0,13,3,2,0,1,3,3,1,0,1,0,1
38,2,1153,1,6,2,4,4,0,40,2,1,2,3,1,3702,16376,1,0,11,3,2,1,5,3,3,5,4,0,4,0
31,2,196,2,29,4,2,1,0,91,2,2,7,4,1,5468,13402,1,0,14,3,1,2,13,3,3,12,7,5,7,0
51,2,942,1,3,3,5,1,0,53,3,3,3,3,1,13116,22984,2,0,11,3,4,0,15,2,3,2,2,2,2,0
37,2,589,2,9,2,2,2,1,46,2,2,7,2,1,4189,8800,1,0,14,3,1,2,5,2,3,5,2,0,3,0
36,2,1383,1,10,3,1,4,1,90,3,3,0,1,1,8321,25949,7,1,13,3,4,1,15,1,3,12,8,5,7,0
37,2,1239,0,8,2,4,3,1,89,3,2,1,2,0,4071,12832,2,0,13,3,3,0,19,4,2,10,0,4,7,0
35,2,303,2,27,3,1,3,1,84,3,2,7,4,2,5813,13492,1,1,18,3,4,0,10,2,3,10,7,7,7,1
33,2,867,1,8,4,1,4,1,90,4,1,6,1,1,3143,6076,6,0,19,3,2,1,14,1,3,10,8,7,6,0
46,0,849,2,26,2,1,2,1,98,2,2,7,2,2,7991,25166,8,0,15,3,3,0,6,3,3,2,2,2,2,0
42,2,1128,1,13,3,3,2,1,95,4,2,0,1,1,5538,5696,5,0,18,3,3,2,10,2,2,0,0,0,0,0
34,1,234,1,9,4,1,4,1,93,3,2,2,1,1,5346,6208,4,0,17,3,3,1,11,3,2,7,1,0,7,1
37,2,370,1,10,4,3,4,1,58,3,2,4,1,2,4213,4992,1,0,15,3,2,0,10,4,1,10,3,0,8,1
43,0,343,1,9,3,1,1,1,52,3,1,6,3,2,2438,24978,4,0,13,3,3,0,7,2,2,3,2,1,2,0
41,2,447,1,5,3,1,2,1,85,4,2,0,2,2,6870,15530,3,0,12,3,1,0,11,3,1,3,2,1,2,0
26,2,920,0,20,2,3,4,0,69,3,1,1,2,1,2148,6889,0,1,11,3,3,0,6,3,3,5,1,1,4,1
40,2,1194,1,1,3,1,3,0,52,3,2,0,4,0,6513,9060,4,0,17,3,4,1,12,3,3,5,3,0,3,0
35,2,185,1,23,4,3,2,1,91,1,1,2,3,1,2705,9696,0,0,16,3,2,1,6,2,4,5,4,0,3,0
40,2,750,1,12,3,1,2,0,47,3,2,0,1,0,4448,10748,2,0,12,3,2,1,15,3,3,7,4,7,7,0
54,2,431,1,7,4,3,4,0,68,3,2,6,4,1,6854,15696,4,0,15,3,2,1,14,2,2,7,1,1,7,0
31,1,1125,2,7,4,2,1,0,68,3,3,7,1,1,9637,8277,2,0,14,3,4,2,9,3,3,3,2,2,2,0
26,2,572,2,10,3,3,3,1,46,3,2,7,4,2,4684,9125,1,0,13,3,1,0,5,4,3,5,3,1,2,0
58,1,1216,1,15,4,1,1,1,87,3,4,5,3,1,15787,21624,2,1,14,3,2,0,23,3,3,2,2,2,2,0
18,0,1431,1,14,3,3,2,0,33,3,1,6,3,2,1514,8018,1,0,16,3,3,0,0,4,1,0,0,0,0,0
31,2,359,0,18,5,0,4,1,89,4,1,1,1,1,2956,21495,0,0,17,3,3,0,2,4,3,1,0,0,0,1
27,1,1297,1,5,2,1,4,0,53,3,1,2,4,2,2379,19826,0,1,14,3,3,0,6,3,2,5,4,0,2,0
29,1,574,1,20,1,3,4,1,40,3,1,2,4,1,3812,7003,1,0,13,3,2,0,11,3,4,11,8,3,10,0
32,1,1318,2,10,4,2,4,1,79,3,2,7,4,2,4648,26075,8,0,13,3,3,0,4,2,4,0,0,0,0,0
47,2,207,1,9,4,1,2,0,64,3,1,2,3,2,2105,5411,4,0,12,3,3,0,7,2,3,2,2,2,0,0
46,2,706,1,2,2,1,4,1,82,3,3,4,4,0,8578,19989,3,0,14,3,3,1,12,4,2,9,8,4,7,0
28,0,280,0,1,2,1,3,1,43,3,1,1,4,0,2706,10494,1,0,15,3,2,1,3,2,3,3,2,2,2,0
29,2,726,1,29,1,1,4,1,93,1,2,0,3,0,6384,21143,8,0,17,3,4,2,11,3,3,7,0,1,6,0
42,2,1142,1,8,3,1,4,1,81,3,1,2,3,2,3968,13624,4,0,13,3,4,0,8,3,3,0,0,0,0,0
32,2,414,2,2,4,2,3,1,82,2,2,7,2,2,9907,26186,7,1,12,3,3,0,7,3,2,2,2,2,2,1
29,2,352,0,6,1,3,4,1,87,2,1,1,2,1,2804,15434,1,0,11,3,4,0,1,3,3,1,0,0,0,0
27,1,1131,1,15,3,1,4,0,77,2,1,6,1,1,4774,23844,0,0,19,3,4,1,8,2,2,7,6,7,3,0
28,2,1172,2,3,3,3,2,0,78,3,1,8,2,1,2856,3692,1,0,19,3,4,1,1,3,3,1,0,0,0,0
30,2,945,2,9,3,3,2,1,89,3,1,8,4,2,1081,16019,1,0,13,3,3,0,1,3,2,1,0,0,0,1
36,2,1266,2,10,4,5,2,0,63,2,2,7,3,1,5673,6060,1,1,13,3,1,1,10,4,3,10,9,1,7,0
31,2,311,1,20,3,1,2,1,89,3,2,2,3,0,4197,18624,1,0,11,3,1,1,10,2,3,10,8,0,2,0
29,2,592,1,7,3,1,4,1,59,3,1,2,1,2,2062,19384,3,0,14,3,2,0,11,2,3,3,2,1,2,0
35,2,219,1,16,2,4,4,0,44,2,2,4,2,1,4788,25388,0,1,11,3,4,0,4,2,3,3,2,0,2,0
45,2,556,1,25,2,1,2,0,93,2,2,4,4,1,5906,23888,0,0,13,3,4,2,10,2,2,9,8,3,8,0
26,2,482,1,1,2,1,2,0,90,2,1,6,3,1,2933,14908,1,1,13,3,3,1,1,3,2,1,0,1,0,0
56,2,1162,1,24,2,1,1,1,97,3,1,2,4,2,2587,10261,1,0,16,3,4,0,5,3,3,4,2,1,0,1
36,2,335,2,17,2,2,3,1,33,2,2,7,2,1,5507,16822,2,0,16,3,3,2,12,1,1,4,2,1,3,0
31,2,1079,2,10,2,3,3,0,86,3,2,7,4,0,6583,20115,2,1,11,3,4,1,8,2,3,5,2,1,4,0
34,2,735,2,3,1,3,4,0,75,2,2,7,4,1,8103,16495,3,1,12,3,3,0,9,3,2,4,2,0,1,0
26,1,1096,1,6,3,4,3,1,61,4,1,2,4,1,2544,7102,0,0,18,3,1,1,8,3,3,7,7,7,7,0
45,1,1297,1,1,4,3,2,1,44,3,2,0,3,2,5399,14511,4,0,12,3,3,0,12,3,3,4,2,0,3,0
33,2,217,2,10,4,2,2,1,43,3,2,7,3,2,5487,10410,1,0,14,3,2,0,10,2,2,10,4,0,9,0
28,1,783,2,1,2,1,3,1,42,2,2,7,4,1,6834,19255,1,1,12,3,3,1,7,2,3,7,7,0,7,0
29,1,746,2,24,3,5,3,1,45,4,1,8,1,2,1091,10642,1,0,17,3,4,0,1,3,3,1,0,0,0,1
39,0,1251,2,21,4,1,1,0,32,1,2,7,3,1,5736,3987,6,0,19,3,3,1,10,1,3,3,2,1,2,0
27,2,1354,1,2,4,5,2,1,41,3,1,6,2,1,2226,6073,1,0,11,3,3,1,6,3,2,5,3,1,2,0
34,1,735,1,22,4,4,3,1,86,2,2,6,4,1,5747,26496,1,1,15,3,2,0,16,3,3,15,10,6,11,0
47,0,1169,1,14,4,5,3,1,64,3,2,6,2,1,5467,2125,8,0,18,3,3,1,16,4,4,8,7,1,7,0
56,2,1443,2,11,5,2,4,0,89,2,2,7,1,1,5380,20328,4,0,16,3,3,1,6,3,3,0,0,0,0,0
32,1,238,1,5,2,1,1,0,47,4,1,6,3,2,2432,15318,3,1,14,3,1,0,8,2,3,4,1,0,3,1
42,2,419,2,12,4,2,2,1,77,3,2,7,4,0,5087,2900,3,1,12,3,3,2,14,4,3,0,0,0,0,0
27,1,1337,0,22,3,0,1,0,58,2,1,1,2,1,2863,19555,1,0,12,3,1,0,1,2,3,1,0,0,0,1
35,2,682,2,18,4,3,2,1,71,3,2,7,1,1,5561,15975,0,0,16,3,4,1,6,2,1,5,3,0,4,0
28,0,1103,1,16,3,3,3,1,49,3,1,6,3,2,2144,2122,1,0,14,3,3,0,5,3,2,5,3,1,4,0
31,0,976,1,3,2,3,3,1,48,3,1,6,1,0,3065,3995,1,1,13,3,4,1,4,3,4,4,2,2,3,0
34,2,1239,2,13,4,3,4,1,39,3,3,7,3,0,8628,22914,1,0,18,3,3,1,9,2,2,8,7,1,1,0
28,2,1404,1,17,3,5,3,1,32,2,1,2,4,0,2367,18779,5,0,12,3,1,1,6,2,2,4,1,0,3,1
38,2,1404,2,1,3,1,1,1,59,2,1,8,1,2,2858,11473,4,0,14,3,1,0,20,3,2,1,0,0,0,0
35,2,1224,2,7,4,1,3,0,55,3,2,7,4,1,5204,13586,1,1,11,3,4,0,10,2,3,10,8,0,9,0
31,1,754,2,26,4,2,1,1,63,3,2,7,4,1,5617,21075,1,1,11,3,3,0,10,4,3,10,7,0,8,1
53,2,1168,2,24,4,1,1,1,66,3,3,7,1,2,10448,5843,6,1,13,3,2,0,15,2,2,2,2,2,2,1
43,2,574,1,11,3,1,1,1,30,3,3,0,3,1,7510,16873,1,0,17,3,2,1,10,1,3,10,9,0,9,0
38,1,1444,0,1,4,4,4,1,88,3,1,1,2,1,2991,5224,0,1,11,3,2,1,7,2,3,6,2,1,2,0
54,2,157,1,10,3,3,3,0,77,3,2,4,1,2,4440,25198,6,1,19,3,4,0,9,3,3,5,2,1,4,0
24,2,771,1,1,2,1,2,1,45,2,2,0,3,2,4617,14120,1,0,12,3,2,0,4,2,2,4,3,1,2,0
40,2,444,2,2,2,2,2,0,92,3,2,7,2,1,5677,4258,3,0,14,3,3,1,15,4,3,11,8,5,10,0
25,2,309,0,2,3,0,3,0,82,3,1,1,2,1,2187,19655,4,0,14,3,3,0,6,3,3,2,0,1,2,0
25,2,977,1,2,1,4,4,1,57,3,1,2,3,0,3977,7298,6,1,19,3,3,1,7,2,2,2,2,0,2,0
38,2,1321,2,1,4,1,4,1,86,3,2,7,2,1,4440,7636,0,0,15,3,1,2,16,3,3,15,13,5,8,0
31,2,1154,2,2,2,1,1,1,54,3,1,8,3,1,3067,6393,0,0,19,3,3,1,3,1,3,2,2,1,2,0
38,1,508,1,6,4,1,1,1,72,2,2,4,3,1,5321,14284,2,0,11,3,4,1,10,1,3,8,3,7,7,0
42,2,557,1,18,4,1,4,1,35,3,2,6,1,0,5410,11189,6,1,17,3,3,1,9,3,2,4,3,1,2,0
47,0,1162,1,1,1,3,3,0,98,3,3,5,2,1,11957,17231,0,0,18,3,1,2,14,3,1,13,8,5,12,0
35,2,1490,1,11,4,3,4,1,43,3,1,2,3,1,2660,20232,7,1,11,3,3,1,5,3,3,2,2,2,2,0
22,2,581,1,1,2,1,4,1,63,3,1,6,3,2,3375,17624,0,0,12,3,4,0,4,2,4,3,2,1,2,0
32,2,267,1,29,4,1,3,0,49,2,1,2,2,2,2837,15919,1,0,13,3,3,0,6,3,3,6,2,4,1,0
40,2,543,1,1,4,1,1,1,83,3,1,2,4,1,2406,4060,8,0,19,3,3,2,8,3,2,1,0,0,0,0
32,2,234,2,1,4,3,2,1,68,2,1,8,2,1,2269,18024,0,0,14,3,2,1,3,2,3,2,2,2,2,0
39,2,116,1,24,1,1,1,1,52,3,2,6,4,2,4108,5340,7,0,13,3,1,0,18,2,3,7,7,1,7,0
32,2,801,2,1,4,2,3,0,48,3,3,7,4,1,10422,24032,1,0,19,3,3,2,14,3,3,14,10,5,7,0
52,0,585,2,29,4,1,1,1,40,3,1,8,4,0,3482,19788,2,0,15,3,2,2,16,3,2,9,8,0,0,0
44,2,1037,1,1,3,3,2,1,42,3,1,6,4,2,2436,13422,6,1,12,3,3,0,6,2,3,4,3,1,2,0
23,1,638,2,9,3,2,4,1,33,3,1,8,1,1,1790,26956,1,0,19,3,1,1,1,3,2,1,0,1,0,1
36,2,557,2,3,3,3,1,0,94,2,3,7,4,1,7644,12695,0,0,19,3,3,2,10,2,3,9,7,3,4,0
32,2,529,1,2,3,5,4,1,78,3,1,6,1,2,2439,11288,1,0,14,3,4,0,4,4,3,4,2,1,2,0
35,2,1146,0,26,4,1,3,0,31,3,3,1,4,2,8837,16642,1,1,16,3,3,0,9,2,3,9,0,1,7,0
38,2,345,2,10,2,1,1,0,100,3,2,7,4,1,5343,5982,1,0,11,3,3,1,10,1,3,10,7,1,9,0
50,1,878,2,1,4,1,2,1,94,3,2,7,3,0,6728,14255,7,0,12,3,4,2,12,3,3,6,3,0,1,1
36,2,1120,2,11,4,2,2,0,100,2,2,7,4,1,6652,14369,4,0,13,3,1,1,8,2,2,6,3,0,0,0
45,2,374,2,20,3,1,4,0,50,3,2,7,3,2,4850,23333,8,0,15,3,3,0,8,3,3,5,3,0,1,0
40,2,1322,1,2,4,1,3,1,52,2,1,6,3,2,2809,2725,2,0,14,3,4,0,8,2,3,2,2,2,2,0
35,1,1199,1,18,4,1,3,1,80,3,2,0,3,1,5689,24594,1,1,14,3,4,2,10,2,4,10,2,0,2,0
29,2,1378,1,13,2,4,4,1,46,2,2,2,2,1,4025,23679,4,1,13,3,1,1,10,2,3,4,3,0,3,0
29,2,468,1,28,4,3,4,0,73,2,1,6,1,2,3785,8489,1,0,14,3,2,0,5,3,1,5,4,0,4,0
50,2,410,2,28,3,2,4,1,39,2,3,7,1,0,10854,16586,4,1,13,3,2,1,20,3,3,3,2,2,0,1
31,0,325,1,5,3,3,2,1,74,3,2,4,1,2,9936,3787,0,0,19,3,2,0,10,2,3,9,4,1,7,0
26,2,1167,2,5,3,4,4,0,30,2,1,8,3,2,2966,21378,0,0,18,3,4,0,5,2,3,4,2,0,0,0
36,1,884,1,23,2,3,3,1,41,4,2,2,4,1,2571,12290,4,0,17,3,3,1,17,3,3,5,2,0,3,0
49,1,1023,2,2,3,3,4,1,63,2,2,7,2,1,5390,13243,2,0,14,3,4,0,17,3,2,9,6,0,8,0
34,2,628,1,8,3,3,2,1,82,4,2,2,3,1,4404,10228,2,0,12,3,1,0,6,3,4,4,3,1,2,0
26,2,1427,1,16,3,3,1,1,46,2,1,2,2,0,2373,14210,1,1,13,3,3,0,4,2,2,3,2,0,1,1
35,1,428,1,14,3,2,2,1,93,3,1,4,2,1,3827,21705,2,0,13,3,1,0,6,2,2,3,2,0,2,1
30,2,754,2,1,3,1,2,0,63,2,2,7,1,1,9647,5340,1,0,11,3,3,1,9,3,3,9,8,6,7,1
25,2,793,1,2,3,1,3,1,76,3,1,2,2,2,1405,25024,1,0,12,3,1,0,0,2,3,0,0,0,0,1
34,2,853,1,26,1,2,2,0,59,2,2,2,1,1,6953,11272,4,0,16,3,1,0,14,2,2,5,3,1,4,1
37,2,746,1,1,2,1,1,0,75,1,1,6,2,1,2417,3845,4,1,13,3,3,0,6,3,3,5,4,1,4,1
34,0,883,1,14,3,1,2,1,78,3,2,4,2,1,5321,5311,6,0,14,3,2,0,9,3,2,5,1,0,5,1
47,1,1013,2,1,3,3,4,0,70,3,2,7,3,1,4864,17392,3,1,15,3,3,0,6,3,2,0,0,0,0,1
28,2,131,1,15,3,1,3,0,53,3,1,5,2,1,2353,25800,1,1,12,3,4,0,7,2,3,7,1,6,6,1
28,2,1177,1,10,3,2,2,0,42,3,2,6,1,0,4217,11139,1,0,17,3,2,0,7,2,1,3,1,0,2,1
32,2,1090,1,5,3,1,2,0,74,1,1,3,2,0,2703,17955,2,1,13,3,2,0,6,1,2,4,4,0,0,1
30,1,213,1,19,3,1,1,0,53,2,1,6,3,1,2218,11584,4,0,11,3,2,0,6,2,3,4,1,0,0,1
29,1,595,0,15,3,1,2,0,58,3,1,1,3,0,2607,22519,2,1,11,3,2,1,8,2,1,6,5,0,1,1
28,1,821,1,1,3,3,1,1,58,2,1,2,1,0,2540,7257,2,0,14,3,1,1,3,2,2,2,1,0,1,1
33,1,299,1,13,2,2,3,0,45,1,1,6,2,0,2712,12060,0,0,14,3,3,0,3,2,2,2,2,1,1,1
28,2,1099,1,5,3,5,3,1,71,2,1,4,3,1,2138,19502,1,0,13,3,3,0,6,1,2,5,1,0,4,1
23,1,659,2,1,1,4,1,0,83,2,1,8,2,2,2335,9150,1,1,11,3,2,0,2,2,3,2,1,0,1,1
27,1,1378,0,18,3,3,2,0,41,2,1,1,3,0,2554,19072,3,0,12,3,1,0,4,2,2,2,0,0,1,1
34,2,935,1,4,3,3,2,0,47,2,1,2,3,0,3077,17489,3,1,13,3,1,1,10,1,2,7,7,4,3,1
30,1,1213,1,9,2,2,1,0,58,1,1,0,2,1,3838,14275,3,0,15,3,2,0,10,2,1,3,1,0,0,1
43,2,346,2,15,3,2,2,1,53,2,3,7,3,0,9705,16472,3,0,11,3,1,0,20,1,3,6,5,2,1,1
31,2,949,1,12,2,1,3,0,93,2,1,3,2,1,2350,3502,1,0,13,3,1,0,1,2,1,1,0,0,0,1
29,2,485,1,23,1,1,3,0,47,2,2,6,1,1,7269,11181,1,0,13,3,1,0,11,2,1,10,7,2,9,1
26,2,525,1,23,2,4,3,0,66,1,1,2,4,1,2349,23199,1,1,17,3,2,0,1,3,1,1,0,0,0,1
35,2,749,2,14,1,3,1,1,58,1,2,7,4,0,5428,22073,5,0,14,3,3,1,7,2,2,2,2,2,2,1
27,2,420,0,21,4,5,2,0,68,2,1,5,2,1,2548,18320,4,0,15,3,2,0,5,2,4,1,1,0,0,1
35,1,842,1,4,3,1,3,0,92,2,1,7,3,2,2838,11507,4,0,12,3,3,0,4,3,3,2,1,0,0,1
25,2,1316,1,24,3,1,1,1,47,1,1,2,2,2,2285,10531,1,0,12,3,2,0,1,2,2,1,0,0,0,1
32,2,946,1,12,2,1,3,0,93,2,1,3,2,1,2362,3513,1,0,13,3,1,0,1,2,1,1,0,0,0,1
25,2,1181,1,6,2,5,4,1,35,2,1,4,2,1,4537,3807,3,0,16,3,2,0,6,2,2,5,4,2,3,1
44,2,601,2,8,1,3,1,1,48,1,2,7,4,0,5301,21812,5,0,14,3,3,1,9,2,2,5,4,4,2,1
29,1,329,1,13,1,3,2,0,83,2,2,0,3,1,7437,22747,0,1,12,3,1,0,9,1,2,7,7,7,7,1
31,2,592,1,18,2,1,2,0,71,1,2,6,3,1,4588,24609,2,0,11,3,2,1,4,2,3,2,2,1,1,1
42,1,481,1,9,3,3,2,0,71,2,2,6,2,1,5268,17642,3,0,13,3,1,0,9,3,1,6,2,4,4,1
41,1,559,2,15,3,1,2,1,88,3,2,7,3,1,6221,13832,3,0,15,3,4,0,10,2,3,8,5,3,4,1
30,1,726,2,2,3,1,2,0,58,1,1,8,3,2,1299,16125,1,0,12,3,2,0,1,3,2,1,0,0,0,1
20,1,785,2,1,1,4,1,0,97,2,1,8,2,2,2158,9091,1,1,11,3,3,0,2,3,3,2,1,0,1,1
42,2,323,2,25,3,2,4,1,53,2,3,7,1,1,9478,17093,2,1,12,3,2,0,11,2,3,4,3,1,0,1
34,1,761,2,16,2,2,1,1,59,1,2,7,4,0,5460,21981,5,1,13,3,3,1,7,2,2,2,2,1,2,1
25,2,848,1,1,3,2,1,1,61,3,1,5,3,1,2284,3042,2,1,15,3,1,0,6,2,1,2,0,1,0,1
25,2,1201,1,3,1,4,4,1,32,3,1,2,4,1,3665,4620,1,1,14,3,2,0,7,2,3,7,7,5,6,1
24,1,1444,1,1,1,4,1,0,62,3,1,7,2,1,3204,21968,1,1,15,3,2,0,6,3,2,4,2,1,3,1
21,1,733,2,1,1,4,1,0,95,2,1,8,2,2,2211,9150,1,1,11,3,2,0,2,2,3,2,1,0,1,1
27,1,367,0,14,3,1,1,0,51,2,1,2,2,0,2351,22664,0,0,11,3,2,0,6,2,2,5,5,0,0,1
23,1,567,2,22,3,4,3,1,40,2,1,8,1,2,1653,10262,1,0,14,3,2,0,1,3,3,1,0,0,0,1
34,2,717,1,1,2,1,1,0,72,1,1,6,2,1,2353,3853,5,1,13,3,3,0,7,3,3,5,5,2,5,1
32,2,441,1,2,3,2,2,1,81,2,2,6,2,1,10023,26136,7,1,12,3,3,0,7,2,2,2,2,2,2,1
51,2,1172,2,19,3,1,1,0,58,3,3,7,1,1,9576,5848,4,0,14,3,1,0,13,2,2,4,3,3,3,1
44,1,668,2,26,1,1,2,0,71,3,2,7,2,1,6550,10473,3,0,12,3,3,0,8,2,2,5,4,1,4,1
27,2,320,1,7,3,3,2,1,70,1,1,2,1,1,2193,4733,1,0,11,3,3,0,6,3,2,6,6,0,6,1
26,2,107,1,20,3,1,2,1,55,2,1,2,2,2,2180,12956,4,0,14,3,2,0,5,3,3,3,1,0,2,1
36,2,863,1,4,2,2,2,0,71,2,1,4,2,1,2882,17367,2,0,11,3,3,0,8,1,2,5,4,1,1,1
30,2,484,1,2,3,3,3,1,55,3,1,6,3,2,2684,5064,1,0,13,3,2,0,7,2,2,7,6,5,6,1
36,2,756,1,9,3,3,1,1,81,3,2,2,2,0,4842,7776,5,0,12,3,1,1,8,2,2,2,0,0,1,1
38,2,403,1,22,2,3,2,1,89,2,1,6,1,1,4070,22147,0,0,13,3,1,0,6,2,2,4,2,0,2,1
28,1,186,1,5,3,2,2,0,56,3,1,2,1,1,2329,25905,0,0,17,3,1,0,3,3,2,2,1,1,1,1
26,1,952,1,2,1,3,3,1,80,2,1,2,3,2,3814,9344,2,0,15,3,3,0,4,2,2,2,2,1,2,1
27,2,1020,1,5,1,4,4,1,38,3,1,2,3,1,3812,4695,1,0,15,3,2,0,7,3,3,7,6,3,6,1
32,1,1139,1,5,3,1,1,0,69,3,1,2,2,1,2666,14377,2,0,14,3,3,0,7,4,3,4,2,1,2,1
39,2,1046,1,2,3,1,2,0,54,1,1,2,3,0,2854,17664,3,1,13,3,2,1,10,1,2,7,7,1,0,1
31,1,388,1,4,2,1,1,0,52,3,1,6,3,1,2489,15369,3,0,14,3,1,0,7,2,3,3,1,0,2,1
28,1,1167,1,10,3,4,3,1,54,2,1,2,2,2,3449,11290,0,0,12,3,2,0,2,2,2,2,2,1,2,1
42,1,890,1,3,3,1,1,1,87,2,1,2,1,1,2331,14650,3,0,12,3,3,0,9,3,4,2,1,0,1,1
37,2,919,1,9,2,1,1,1,87,2,1,3,2,1,2373,14788,2,0,12,3,3,0,7,3,3,3,2,0,1,1
33,2,877,1,12,2,2,2,1,66,1,2,5,3,0,5244,22359,4,0,15,3,2,1,8,2,2,4,2,1,1,1
41,1,628,2,25,1,1,2,0,67,3,2,7,2,1,6671,10579,3,0,12,3,3,0,8,2,2,6,5,1,5,1
38,2,1351,1,4,2,2,2,1,82,2,1,2,2,2,2126,2850,4,1,14,3,2,0,8,3,2,1,0,0,1,1
29,1,799,1,14,2,1,3,0,65,2,3,5,1,1,7377,10318,1,0,12,3,1,0,10,2,1,10,8,3,8,1
28,2,1085,1,14,2,1,3,0,89,3,1,2,1,1,2197,3362,1,0,13,3,1,0,3,3,1,1,0,0,0,1
20,2,206,1,6,3,1,3,0,53,3,1,2,3,2,1662,25344,1,0,13,3,3,0,1,2,3,1,0,1,1,1
32,1,489,1,8,4,1,2,0,65,1,1,7,2,1,1577,16305,1,0,14,3,1,0,3,3,2,3,0,2,2,1
37,2,1243,1,7,4,2,3,1,76,3,1,4,3,2,3155,10979,1,1,11,3,3,0,4,3,2,4,3,0,2,1
20,1,509,1,8,2,3,2,0,70,2,1,7,3,1,1816,18389,2,0,13,3,2,0,1,2,4,0,0,0,0,1
19,2,735,0,5,2,4,2,0,70,2,1,3,2,2,2578,18371,1,0,13,3,2,0,1,2,3,1,0,0,0,1
35,1,1085,1,4,3,1,1,0,74,3,1,2,1,1,2586,14454,2,0,13,3,3,0,8,4,3,4,2,1,2,1
25,1,512,1,7,3,3,2,1,77,3,1,3,1,2,3485,16836,3,0,12,3,3,0,4,2,2,0,0,0,0,1
34,2,843,2,3,3,1,2,0,59,2,2,7,1,1,9234,5448,1,0,12,3,3,1,9,3,3,9,8,6,7,1
44,1,707,2,6,2,2,3,0,94,2,1,8,3,1,2678,11765,2,0,11,3,3,1,16,3,3,7,5,5,5,1
31,1,645,1,24,4,2,1,1,71,3,2,6,3,1,5760,21070,1,1,12,3,3,0,10,3,2,10,5,1,7,1
29,1,747,1,4,3,2,4,0,34,2,1,6,2,2,4480,3807,2,0,13,3,1,0,6,2,1,6,2,5,5,1
23,1,1339,1,13,1,3,4,0,62,3,1,6,3,2,2600,8739,1,0,17,3,1,0,1,2,2,1,0,0,0,1
25,1,157,1,4,3,2,2,0,57,3,1,2,2,2,2020,25528,0,0,15,3,1,0,2,2,3,1,1,0,1,1
24,1,327,1,13,1,2,3,0,54,3,1,5,2,2,2031,26296,0,0,18,3,2,0,1,2,2,1,0,0,0,1
27,2,1360,1,2,1,2,2,1,84,3,1,7,1,0,3034,16408,0,0,11,3,2,0,5,2,3,4,2,0,2,1
19,1,1369,1,11,1,3,3,0,66,3,1,6,3,2,2308,8487,1,0,16,3,2,0,0,3,2,0,0,0,0,1
40,1,892,1,3,3,4,3,0,62,3,1,4,3,1,4121,17265,3,1,13,3,2,0,7,3,3,3,3,3,3,1
46,2,611,2,9,2,2,2,1,61,2,3,7,4,1,9713,14068,1,0,15,3,3,0,12,2,3,8,7,4,6,1
32,2,120,2,15,3,2,1,0,68,2,2,7,1,2,5333,26516,4,0,14,3,3,0,6,2,3,3,2,0,2,1
23,2,791,1,17,3,3,3,0,86,2,1,6,1,1,2576,18286,2,0,15,3,1,0,3,2,3,1,0,0,0,1
31,2,931,1,4,1,2,2,1,83,3,1,6,1,1,2986,16858,1,0,11,3,2,0,7,2,3,4,2,0,2,1
50,1,1124,1,8,3,1,1,1,52,1,2,4,3,1,10482,25076,2,0,14,3,3,0,18,2,3,4,2,0,3,1
32,1,509,1,1,3,3,3,1,61,2,1,5,3,2,2676,5218,1,0,12,3,3,0,9,2,2,9,8,6,7,1
25,1,1275,1,7,2,1,1,0,55,2,1,1,2,1,3038,14185,1,0,15,3,3,0,6,3,2,5,2,0,1,1
28,2,403,1,6,3,3,1,0,74,1,1,3,1,1,2143,4534,2,1,11,3,4,0,7,4,2,7,7,0,7,1
26,1,1170,1,24,3,2,1,1,47,1,1,3,2,2,1926,10583,1,0,13,3,3,0,1,2,2,1,0,0,0,1
29,1,351,1,14,1,3,2,0,82,3,3,0,3,1,7724,22928,0,0,12,3,1,0,9,1,3,7,6,6,6,1
48,1,1171,1,9,3,1,1,1,53,1,3,3,3,1,11141,25061,2,0,14,3,4,0,17,2,3,4,2,1,3,1
30,2,583,1,7,2,2,4,0,40,3,1,7,3,2,2816,9089,1,0,14,3,1,0,1,2,2,1,0,0,0,1
33,1,1366,1,9,3,1,2,0,91,3,2,2,1,1,7218,9644,2,0,13,3,1,0,12,2,3,7,5,2,4,1
34,2,305,2,26,2,1,2,1,83,2,2,7,3,2,5816,13486,1,0,17,3,3,0,10,2,3,9,6,6,6,1
26,2,778,1,20,2,3,3,0,69,1,1,2,4,1,2393,23134,1,1,15,3,2,0,1,3,1,1,0,0,0,1
45,1,1242,2,22,3,1,1,1,66,3,2,7,2,2,8471,5385,6,1,13,3,2,0,12,2,2,3,2,1,2,1
22,1,714,2,7,1,3,1,0,92,1,1,8,2,2,1896,8858,1,1,11,3,3,0,2,3,3,2,1,1,1,1
24,1,359,1,10,3,2,2,0,89,3,1,2,1,1,3074,16965,1,1,11,3,2,0,4,2,2,0,0,0,0,1
29,1,149,2,12,3,4,1,0,52,3,2,7,2,2,5722,17475,4,0,11,3,1,0,6,4,1,4,2,0,0,1
25,1,447,2,8,2,1,1,1,69,2,1,8,1,1,4313,15214,3,0,12,3,1,0,5,2,3,3,2,1,2,1
36,2,738,1,1,2,1,1,0,74,1,1,6,2,1,2400,3847,4,1,13,3,3,0,7,3,3,5,5,1,5,1
25,2,226,2,6,3,2,2,0,48,2,2,7,2,2,5699,26910,1,0,11,3,3,0,6,1,3,5,3,0,2,1
23,2,1042,1,23,3,2,2,1,44,1,1,4,2,2,2235,10352,1,0,12,3,2,0,1,2,2,1,0,0,0,1
26,1,824,1,4,1,4,1,0,98,2,1,6,2,2,2244,9338,1,0,11,3,3,0,3,3,3,3,2,1,1,1
25,1,1391,1,12,3,2,1,0,48,3,1,2,2,0,2554,14175,1,1,14,3,4,1,5,2,3,4,2,0,2,1
29,1,1150,1,3,3,3,3,0,65,2,1,4,3,2,3186,11451,3,0,13,3,3,0,2,3,2,1,1,1,1,1
36,2,291,2,5,3,1,2,1,67,1,2,7,3,1,5939,20917,4,0,17,3,2,0,12,3,2,7,7,7,6,1
33,1,479,1,7,3,1,2,1,93,3,1,3,3,1,3770,21366,4,0,13,3,2,0,6,2,1,2,2,1,2,1
41,0,915,1,10,2,1,1,1,81,2,1,6,1,0,2341,20319,6,0,15,3,2,0,5,2,1,1,0,0,0,1
23,2,1353,1,6,1,3,3,0,84,2,1,3,2,2,3784,20946,1,1,12,3,1,0,5,2,3,5,3,1,2,1
36,1,665,1,20,2,2,3,1,82,2,1,3,2,2,3232,11277,0,0,11,3,2,0,6,2,3,5,4,0,3,1
49,1,886,1,1,3,1,1,0,92,2,2,6,2,0,6664,14259,6,0,12,3,3,1,12,2,2,5,2,0,0,1
31,1,253,1,3,3,1,1,0,58,3,1,3,1,0,1994,26713,1,0,13,3,3,1,1,2,2,1,0,0,0,1
35,1,289,1,9,4,1,4,1,78,3,2,2,1,1,4880,5707,2,0,16,3,2,0,10,3,1,8,1,0,7,1
31,1,585,1,24,4,2,2,1,76,3,2,5,3,1,5840,21067,1,1,12,3,3,0,10,3,2,10,5,2,7,1
45,2,960,1,23,2,1,1,1,80,2,1,3,3,2,2460,10175,1,0,15,3,3,0,3,3,3,3,1,0,0,1
35,2,1277,1,1,2,3,3,0,88,1,1,2,2,2,2106,2592,6,1,14,3,2,0,7,3,3,0,0,0,0,1
27,2,1373,1,2,1,2,2,0,81,3,1,7,1,0,3063,16417,0,0,11,3,1,1,5,2,3,4,3,0,2,1
38,1,369,1,21,3,2,2,1,93,3,1,5,1,1,3893,22090,0,0,13,3,1,0,6,2,2,4,2,0,2,1
44,1,1099,2,16,2,1,1,0,81,2,2,7,3,2,5783,9843,6,0,12,3,2,0,7,2,2,4,3,1,3,1
26,1,869,0,14,2,1,2,0,66,3,1,1,3,0,2646,22869,0,1,11,3,2,0,5,2,2,4,4,0,0,1
29,1,429,2,9,3,1,2,0,53,1,1,8,1,1,2701,14617,1,0,13,3,3,0,1,2,3,1,1,1,1,1
33,2,758,1,5,1,2,2,1,83,3,1,6,1,1,2966,17039,1,0,11,3,2,0,7,2,3,4,2,0,2,1
42,2,1314,1,8,3,2,1,0,84,1,2,6,2,1,5285,9262,7,0,12,3,1,0,7,2,2,4,2,1,3,1
31,2,285,1,13,4,1,2,1,85,1,2,5,3,1,6175,20881,2,1,16,3,2,0,11,3,2,8,4,6,7,1
24,2,1161,0,9,1,2,4,1,92,2,1,1,2,1,3818,20735,0,0,11,3,1,0,4,2,3,4,3,0,1,1
30,1,429,1,1,3,3,3,1,52,2,1,4,2,2,2634,5267,3,0,12,3,3,0,9,2,2,5,5,4,4,1
31,2,426,1,20,3,3,3,1,89,2,2,4,3,0,6014,21288,2,1,14,3,4,2,9,2,2,8,2,5,5,1
31,1,497,1,16,2,2,3,0,80,2,1,4,2,2,3145,11762,3,0,12,3,2,0,4,2,4,3,2,0,2,1
26,1,422,0,16,3,1,1,0,57,2,1,1,2,0,2719,22799,0,0,11,3,2,0,7,2,2,6,6,0,0,1
41,0,916,1,10,2,1,1,1,80,2,1,6,1,0,2352,20320,6,0,15,3,2,0,5,2,1,1,0,0,0,1
44,2,815,1,2,2,1,1,0,81,1,1,7,2,1,2566,3825,2,1,13,3,3,0,4,2,3,4,3,0,3,1
31,1,320,1,7,2,1,1,0,57,3,1,6,2,1,2275,14984,2,0,15,3,1,0,5,2,3,2,0,0,1,1
29,1,370,1,15,1,3,2,0,80,3,3,0,3,1,7940,22926,0,0,12,3,1,0,9,1,3,6,5,5,5,1
43,2,983,2,14,3,1,1,1,65,2,2,7,1,1,10131,5618,3,0,12,3,2,0,12,2,2,5,4,3,4,1
44,1,713,1,9,2,3,2,1,64,2,3,6,3,2,9562,13517,1,0,15,3,3,0,9,2,2,9,7,3,7,1
28,1,302,1,1,2,2,2,0,39,1,1,2,1,2,2548,5300,7,0,11,3,3,0,8,2,2,0,0,0,0,1
28,2,541,1,23,4,5,3,0,65,2,1,5,2,0,2522,18364,5,0,15,3,1,0,6,2,3,2,1,0,1,1
32,2,524,1,1,4,4,3,1,63,2,1,5,3,1,2678,5200,1,1,12,3,3,0,9,2,2,9,8,6,7,1
32,2,789,1,13,3,3,3,0,57,2,1,2,3,1,2406,22141,4,0,13,3,3,0,7,2,1,4,3,0,3,1
35,1,313,1,17,2,1,1,0,62,3,1,6,3,1,2293,11600,3,1,11,3,2,0,10,2,3,6,3,2,2,1
41,1,570,2,14,3,1,2,1,88,3,2,7,3,1,6239,13847,3,0,15,3,4,0,10,2,3,8,5,3,4,1
18,1,502,0,2,2,4,1,0,56,2,1,2,4,2,2315,18432,1,0,12,3,3,0,0,2,4,0,0,0,0,1
23,2,1436,1,1,1,4,1,0,64,2,1,7,2,2,3270,21851,1,1,15,3,1,0,5,3,3,5,3,1,3,1
26,1,449,0,22,1,2,3,1,52,2,1,3,2,1,1362,11193,1,0,13,3,3,0,1,2,3,1,0,0,0,1
20,2,675,1,22,3,3,3,1,40,1,1,6,2,2,2168,10114,1,0,12,3,2,0,1,2,3,1,0,0,0,1
33,2,488,1,3,4,3,4,1,61,3,1,5,3,2,3056,5154,1,0,13,3,2,0,10,2,1,10,7,5,8,1
22,1,492,1,11,3,3,2,0,70,2,1,7,3,1,1938,18374,2,0,13,3,2,0,2,2,4,0,0,0,0,1
28,1,236,1,5,3,2,2,0,53,3,1,3,1,1,2269,26021,0,0,17,3,1,0,3,3,2,2,1,1,1,1
24,2,1094,1,9,3,2,3,0,89,1,1,5,1,1,2636,18162,1,1,14,3,1,0,2,1,2,2,1,0,0,1
29,2,932,1,11,2,3,2,1,88,2,1,7,4,2,1409,15752,1,0,13,3,3,0,1,3,2,1,0,0,0,1
27,1,1475,2,1,2,4,1,1,90,3,1,8,2,0,2945,15911,2,0,13,3,3,1,5,3,3,3,2,0,2,1
35,1,571,1,13,3,3,1,1,83,3,2,2,2,0,4940,7516,6,0,14,3,2,1,9,3,2,2,0,0,1,1
34,1,711,1,14,1,3,1,0,62,1,2,6,4,0,5697,22199,5,1,13,3,3,1,7,1,2,2,2,2,2,1
44,2,816,1,2,2,1,1,0,81,1,1,7,2,1,2569,3825,2,1,13,3,3,0,4,2,3,3,3,0,3,1
18,1,1280,2,4,2,2,1,0,70,2,1,8,2,2,1891,8110,1,1,13,3,3,0,0,3,3,0,0,0,0,1
41,1,365,1,19,4,1,1,0,90,3,1,6,1,1,3856,5516,1,0,13,3,3,1,6,3,2,3,3,1,2,1
32,2,595,2,8,4,1,1,0,76,2,2,7,1,1,8178,18437,0,1,17,3,1,0,6,3,2,5,2,0,3,1
44,1,1060,2,1,3,3,4,0,61,3,2,7,3,1,4982,17513,3,1,15,3,2,0,8,3,2,0,0,0,0,1
28,1,635,0,11,3,1,3,0,88,2,1,3,2,1,2646,21182,0,0,15,3,1,0,5,2,3,4,3,0,3,1
29,1,349,1,11,1,3,3,0,83,2,2,1,3,2,7949,23479,1,1,12,3,1,0,8,1,2,6,6,6,6,1
29,1,521,0,13,4,0,3,0,88,3,1,2,1,1,2774,21311,0,0,16,3,2,0,3,3,3,3,2,0,2,1
28,1,383,1,1,2,2,2,0,37,2,1,2,1,1,2516,5599,5,0,11,3,3,0,6,1,2,0,0,0,0,1
23,1,393,1,9,3,2,2,0,87,3,1,2,1,2,3144,17004,1,1,11,3,2,0,3,2,2,0,0,0,0,1
32,1,703,2,2,2,1,3,0,90,2,1,8,3,1,2773,11869,6,0,13,3,3,0,4,3,3,1,0,0,0,1
36,2,1257,1,9,2,1,1,0,77,3,1,2,1,1,2175,3345,2,0,13,3,1,0,8,3,1,3,1,0,2,1
29,1,387,1,22,3,2,1,0,46,3,1,6,2,1,1705,11171,2,0,13,3,2,0,4,2,3,3,1,0,0,1
25,1,404,1,3,3,3,1,0,86,2,1,4,2,2,2882,12467,3,0,16,3,2,0,1,2,3,1,0,0,0,1
28,1,413,1,6,3,1,2,0,48,3,1,5,1,0,1909,26814,1,0,16,3,2,1,1,2,2,1,0,0,0,1
35,1,479,1,6,4,3,3,0,70,3,1,6,3,1,3030,5298,1,0,13,3,3,0,8,2,2,8,7,5,6,1
25,2,755,1,1,2,2,1,0,63,2,1,6,3,1,2265,3327,3,1,14,3,2,0,7,2,2,3,2,2,2,1
39,1,1089,1,9,2,2,1,0,67,1,2,1,2,0,5157,14357,5,0,14,3,1,0,14,2,1,1,0,0,0,1
28,2,1031,1,2,3,5,3,1,79,2,1,5,3,1,2087,19662,0,0,13,3,3,0,6,1,2,5,1,0,4,1
21,1,1192,1,3,3,2,1,1,59,2,1,5,2,1,2152,7714,1,0,14,3,2,0,0,2,3,0,0,0,0,1
49,2,1183,2,11,3,1,2,0,43,3,3,7,3,1,7708,5859,1,0,17,3,1,1,9,2,3,8,7,6,6,1
33,2,704,2,11,2,1,1,1,53,1,2,7,2,2,6373,12674,4,0,16,3,2,0,10,2,3,3,2,2,2,1
30,1,462,1,17,2,2,1,0,72,3,3,0,3,1,8998,22915,1,0,12,3,1,0,10,1,3,3,2,2,2,1
34,2,1028,1,4,2,1,1,0,70,2,1,3,1,2,2188,3576,4,1,13,3,2,0,10,3,1,5,4,1,4,1
49,1,667,1,8,3,3,2,0,81,2,2,6,2,1,5015,17723,2,0,14,3,1,0,10,3,1,7,2,6,6,1
39,1,1391,1,6,3,1,1,0,89,1,2,6,2,2,5920,9336,6,0,12,3,1,0,7,2,2,5,4,1,4,1
43,2,341,2,16,3,2,2,1,54,2,3,7,3,0,9642,16551,3,0,11,3,1,0,19,1,3,6,5,2,1,1
33,2,567,1,18,2,3,2,1,76,1,2,5,3,0,5773,21628,3,1,14,3,4,2,8,2,2,5,2,3,4,1
28,2,813,1,6,3,4,2,0,39,3,1,2,3,0,3432,17203,3,0,13,3,1,1,9,2,2,6,6,6,6,1
27,1,1152,1,1,3,3,1,1,81,3,1,7,2,1,2650,15627,3,0,14,3,3,1,5,2,3,3,2,1,2,1
33,2,812,1,26,1,2,2,0,58,2,2,3,1,1,6988,11262,4,0,16,3,1,0,14,2,2,5,3,1,4,1
31,2,795,2,7,1,1,1,0,37,1,2,7,1,1,6916,11849,4,0,14,3,1,0,10,2,2,3,2,0,3,1
33,1,238,1,11,3,4,1,0,57,2,2,6,2,1,5597,17538,4,0,11,3,1,0,7,3,1,5,2,1,1,1
35,1,296,1,9,4,1,4,1,76,3,2,2,1,1,4825,5649,2,0,16,3,2,0,10,3,1,8,1,0,7,1
30,1,1037,1,4,2,1,4,0,56,3,1,6,2,1,2277,8093,0,1,11,3,1,0,3,2,3,3,1,1,2,1
40,2,925,1,6,2,1,1,1,88,2,1,2,1,1,2368,14736,3,0,12,3,3,0,8,3,3,3,2,0,1,1
50,1,682,1,8,3,3,2,0,82,2,2,6,2,1,4995,17729,2,0,14,3,1,0,10,3,1,7,2,6,6,1
37,2,1370,1,2,2,3,3,1,91,2,1,2,2,2,2093,2439,5,1,14,3,2,0,7,3,2,0,0,0,0,1
48,2,1121,1,15,3,1,2,1,96,3,1,4,3,2,2803,10611,1,0,12,3,3,0,5,3,3,5,3,0,1,1
24,1,1193,2,4,1,2,3,0,74,3,1,8,2,0,2791,16644,0,0,12,3,2,0,3,3,3,3,2,0,2,1
36,2,1256,1,9,2,1,1,0,78,3,1,2,1,1,2175,3345,2,0,13,3,1,0,8,3,1,3,1,0,2,1
38,1,434,1,11,4,2,2,0,78,3,1,6,2,1,3358,5384,1,0,13,3,3,0,7,2,2,6,5,4,4,1
32,2,482,2,7,4,1,1,0,76,2,2,7,1,1,7523,19189,1,1,17,3,1,0,8,3,2,5,3,2,4,1
34,2,1236,1,18,3,1,1,1,70,1,1,3,3,2,2590,10682,1,0,11,3,3,0,3,2,2,3,1,0,1,1
32,1,570,1,16,3,2,2,0,92,3,1,7,3,1,1513,16291,1,0,15,3,2,0,5,3,2,5,0,3,3,1
41,2,640,1,5,2,2,1,1,82,1,1,5,2,1,2448,4204,1,1,12,3,3,0,4,2,2,4,4,0,4,1
23,1,360,1,15,1,2,3,0,54,3,1,5,2,2,1974,26381,0,0,18,3,2,0,1,2,2,1,0,0,0,1
40,1,1061,1,7,2,2,1,0,70,1,2,2,2,0,5366,14343,5,0,14,3,1,0,14,2,1,2,0,0,0,1
52,2,1170,2,21,3,1,1,0,61,3,3,7,1,1,9944,5846,5,0,13,3,1,0,13,2,2,3,3,2,2,1
20,1,1091,2,10,2,1,2,1,70,2,1,8,2,2,1647,8053,1,1,14,3,4,0,0,3,3,0,0,0,0,1
39,1,590,2,25,1,1,2,0,63,3,2,7,2,1,6783,10677,2,0,12,3,2,0,9,2,2,7,5,1,5,1
27,1,417,0,17,3,1,2,0,62,3,1,1,2,0,2887,22725,0,0,11,3,1,0,7,2,2,6,6,0,0,1
26,1,844,1,8,3,1,1,0,53,1,1,5,2,1,2821,14406,1,0,14,3,3,0,3,3,3,3,2,1,2,1
27,1,1456,0,12,1,1,2,0,78,3,1,1,3,0,2521,22951,0,1,11,3,3,0,1,3,2,1,1,0,0,1
32,1,531,2,9,2,4,2,0,47,3,2,7,2,1,5555,17601,4,0,13,3,1,0,8,3,1,3,1,0,0,1
46,2,1111,1,13,3,1,2,1,96,3,1,5,3,2,2857,10699,1,0,12,3,3,0,5,3,3,5,3,0,1,1
24,1,439,0,14,3,1,2,0,56,2,1,2,3,0,2616,22673,0,0,11,3,2,0,6,2,2,6,6,0,0,1
49,2,409,1,9,1,3,3,1,56,3,1,6,2,2,4726,21738,2,0,14,3,2,0,9,2,2,7,5,4,3,1
31,2,330,2,20,2,1,2,1,78,2,1,7,2,1,5321,14079,1,0,15,3,2,0,8,2,3,7,5,5,5,1
31,0,1463,1,10,4,3,3,1,60,3,1,6,3,1,4667,23940,7,0,12,3,4,0,5,2,2,3,2,1,2,1
41,1,448,1,10,3,3,2,0,69,2,2,6,2,1,5312,17628,3,0,13,3,1,0,9,3,1,6,2,3,3,1
29,1,1285,1,10,1,3,2,1,48,3,1,4,4,1,4441,4626,4,1,14,3,2,0,7,3,3,6,4,2,5,1
35,2,393,1,25,2,1,2,1,71,2,2,5,3,1,5849,14205,1,1,16,3,2,0,9,1,3,6,4,4,4,1
25,1,1431,1,15,3,2,1,0,46,3,1,2,2,0,2427,14178,1,1,13,3,4,1,5,2,3,3,2,0,2,1
37,2,1126,1,2,2,3,3,0,41,3,1,6,3,1,5127,17597,4,0,17,3,1,0,11,3,2,1,0,0,0,1
20,1,1072,2,11,2,1,2,1,70,2,1,8,2,2,1627,8052,1,1,14,3,4,0,0,3,3,0,0,0,0,1
28,2,170,0,22,2,0,1,0,51,2,1,4,3,1,1946,11553,3,0,11,3,2,0,5,2,3,3,1,0,0,1
31,2,369,1,21,3,3,3,1,94,2,2,4,3,0,6110,21153,1,1,14,3,4,2,9,2,2,9,2,5,6,1
39,2,1002,1,12,3,3,1,0,82,2,2,4,3,0,5080,8642,7,0,13,3,2,0,8,2,2,2,1,0,1,1
22,1,1171,0,14,3,2,3,0,85,2,1,4,1,1,2682,18674,1,0,14,3,1,0,1,2,3,1,0,0,0,1
34,2,1230,1,17,3,1,1,1,71,1,1,3,3,2,2607,10688,1,0,11,3,3,0,3,2,2,3,1,0,1,1
36,2,698,1,12,3,3,1,1,81,3,2,2,2,0,4837,7825,6,0,13,3,1,1,8,2,2,1,0,0,0,1
37,1,344,1,11,3,4,1,0,63,2,2,6,2,1,5454,17583,3,0,12,3,1,0,8,3,1,6,2,2,2,1
24,2,1448,1,1,1,4,1,0,62,3,1,7,2,1,3200,21974,1,1,15,3,2,0,5,4,2,4,2,0,3,1
30,2,502,0,15,4,0,3,0,85,3,1,1,1,1,2988,21557,0,0,16,3,2,0,2,4,3,1,0,0,0,1
25,2,386,2,9,2,1,1,0,66,1,1,8,1,1,4261,15135,2,0,12,3,1,0,5,2,3,2,2,2,2,1
29,2,915,1,14,1,3,2,1,87,2,1,6,4,2,1862,15387,1,0,13,3,3,0,2,3,2,2,1,0,0,1
36,2,663,1,14,3,3,1,1,81,3,2,2,2,0,4834,7855,6,0,13,3,1,1,8,2,2,1,0,0,0,1
23,1,173,1,3,3,1,2,0,56,3,1,2,2,2,1884,25460,0,0,14,3,2,0,1,2,3,1,0,0,0,1
28,2,1342,1,24,2,1,1,1,51,1,1,2,3,2,2315,10535,1,0,12,3,3,0,1,2,2,1,0,0,0,1
30,1,437,1,14,1,3,2,0,78,2,2,1,4,1,7054,22733,1,1,12,3,1,0,8,1,2,6,5,5,5,1
31,1,605,2,2,2,1,3,0,76,1,1,8,3,1,2680,11971,5,0,14,3,3,0,3,3,3,1,0,0,0,1
30,2,1190,1,9,2,2,4,0,94,2,1,2,2,1,2146,2853,3,0,14,3,1,0,4,3,2,0,0,0,0,1
29,2,651,1,8,2,2,4,0,42,3,1,7,3,2,2806,9071,1,0,14,3,1,0,1,2,2,1,0,0,0,1
34,1,238,1,10,4,1,3,0,93,3,2,2,1,1,5279,6171,3,0,16,3,3,1,10,3,2,6,1,0,6,1
32,2,271,1,13,3,2,1,0,71,2,1,6,1,1,5049,26245,5,0,14,3,3,0,5,3,2,3,2,0,2,1
32,0,1342,1,17,2,2,1,1,62,3,1,6,4,1,5089,4645,7,1,13,3,2,0,8,3,2,5,2,0,4,1
37,2,826,1,6,3,3,2,1,81,3,2,3,2,0,4848,7717,4,0,11,3,1,1,7,2,2,3,1,0,2,1
19,1,1245,1,7,2,2,2,0,69,3,1,6,2,1,1920,7876,0,1,13,3,3,0,0,3,3,0,0,0,0,1
37,1,1029,1,16,2,3,3,1,66,3,1,4,3,0,3066,20421,4,1,11,3,3,0,6,2,3,2,2,1,2,1
37,2,1371,1,2,2,3,3,1,91,2,1,2,2,2,2092,2424,5,1,14,3,2,0,7,3,2,0,0,0,0,1
41,2,1033,1,9,3,1,2,0,87,3,1,5,3,1,3099,10719,0,1,12,3,2,0,5,3,3,5,3,0,2,1
29,2,871,1,8,3,4,4,1,45,2,2,5,1,2,4931,3746,4,0,16,3,2,0,7,2,1,6,3,0,4,1
30,1,499,1,10,1,1,1,0,62,3,1,6,3,2,2414,15176,2,1,13,3,1,0,6,2,2,4,1,0,2,1
42,2,881,1,3,3,1,1,0,85,2,1,2,1,1,2403,14664,3,0,12,3,3,0,9,3,3,2,2,1,2,1
44,2,633,1,13,2,3,1,0,70,2,3,1,4,1,8408,13949,1,0,12,3,4,0,9,2,3,9,7,1,5,1
28,2,589,1,23,4,5,3,0,63,2,1,5,2,0,2513,18387,5,0,15,3,1,0,6,2,3,2,1,0,1,1
29,1,441,1,11,3,1,3,0,72,2,1,5,3,2,2454,12346,6,0,14,3,2,0,4,3,3,2,0,0,1,1
38,2,1221,1,6,2,1,1,0,72,2,1,2,1,2,2173,3423,3,1,13,3,2,0,10,3,1,4,2,0,3,1
32,1,377,1,27,2,2,3,1,73,2,1,2,2,2,3430,11578,0,0,11,3,2,0,6,2,3,5,4,0,3,1
34,0,1106,0,12,2,0,1,0,77,2,1,3,1,0,2458,19950,3,0,14,3,1,0,3,2,1,1,0,0,0,1
29,1,552,1,13,3,1,2,1,76,2,1,7,1,1,2116,14584,1,0,16,3,3,0,1,2,3,1,0,0,0,1
25,1,616,2,2,1,3,2,0,76,2,1,8,2,2,2406,9150,1,1,11,3,2,0,2,2,3,2,1,0,1,1
45,1,912,1,8,3,1,3,0,95,3,1,6,3,1,2802,11259,1,1,11,3,3,0,12,3,3,7,5,3,4,1
38,1,442,2,6,2,2,4,0,55,1,1,8,3,0,2458,12070,0,0,14,3,3,1,8,3,2,4,3,3,2,1
24,2,273,1,18,2,1,4,0,50,3,1,6,3,2,2141,26080,1,1,15,3,4,0,5,2,2,5,1,4,4,1
27,2,828,1,12,3,3,1,1,75,1,1,4,4,1,2924,24006,3,1,15,3,3,0,3,3,1,2,1,1,1,1
40,1,1329,1,10,4,1,2,0,85,3,3,5,1,2,8694,7647,3,0,11,3,1,0,12,2,2,6,5,3,4,1
27,1,748,0,8,2,2,3,0,88,2,1,4,2,1,2521,21055,0,0,14,3,1,0,6,2,3,6,5,0,5,1
29,1,271,1,13,1,1,4,0,44,1,1,4,3,0,1998,11957,0,0,13,3,3,1,2,2,2,1,1,0,0,1
28,1,1002,1,8,2,1,4,0,60,3,1,5,2,1,2238,7727,0,1,11,3,1,0,4,2,3,3,1,1,2,1
25,1,780,0,21,1,2,3,0,70,2,1,4,2,1,1699,7390,0,1,12,3,3,0,3,3,3,3,0,1,2,1
44,2,639,1,12,2,3,1,0,69,2,3,2,4,1,8599,13893,1,0,12,3,4,0,9,2,3,9,7,1,5,1
27,1,1111,1,14,4,2,1,1,54,2,1,4,1,0,2258,14277,1,0,14,3,3,1,3,2,3,2,1,0,1,1
35,2,447,1,9,3,3,4,1,55,2,2,4,1,2,4324,4798,1,0,15,3,2,0,9,3,1,9,3,0,7,1
40,1,684,2,12,2,3,1,1,55,1,2,7,3,0,5972,22629,4,1,14,3,2,1,11,2,2,2,2,1,2,1
51,1,780,1,6,4,3,3,1,84,2,2,6,2,1,4888,17625,2,0,14,3,1,0,9,3,2,6,1,5,5,1
27,1,921,1,1,3,3,1,1,74,3,1,7,2,1,2477,15547,4,0,14,3,3,1,5,2,3,3,2,1,2,1
30,1,477,1,14,1,3,2,0,75,2,2,2,4,1,6854,22655,1,1,12,3,1,0,8,1,2,6,5,5,5,1
43,1,1044,1,11,3,1,3,1,94,2,1,5,2,2,2972,10880,0,0,11,3,2,0,6,3,3,5,4,0,2,1
33,1,294,1,6,2,1,3,0,33,1,1,7,3,0,2349,12247,0,0,15,3,3,0,3,2,2,2,2,0,0,1
27,1,136,1,4,3,2,2,0,58,3,1,2,2,2,2196,25614,0,0,16,3,1,0,3,2,3,2,1,0,1,1
27,2,706,0,2,2,3,1,0,53,1,1,1,4,1,2642,18176,2,0,12,3,3,0,4,2,3,3,2,0,0,1
47,1,752,1,7,3,1,1,0,83,3,2,3,3,0,7337,14167,4,0,11,3,4,1,11,2,3,7,4,0,2,1
27,2,420,0,21,4,5,2,0,68,2,1,5,2,1,2548,18320,4,0,15,3,2,0,5,2,4,1,1,0,0,1
47,1,742,1,7,2,2,3,0,95,3,1,7,3,1,2679,11659,1,1,11,3,3,1,17,3,3,8,6,6,6,1
46,1,845,2,23,2,1,1,0,78,3,2,7,3,2,6192,10173,4,0,12,3,3,0,7,2,2,4,3,1,3,1
53,2,454,2,2,1,3,2,1,38,2,2,7,4,1,5175,21551,4,0,15,3,3,0,11,2,2,8,6,6,2,1
40,1,868,1,16,3,2,2,1,62,3,1,5,3,0,2910,20478,6,1,12,3,3,0,7,2,2,2,2,2,2,1
27,2,1432,1,12,1,1,3,0,78,2,1,2,4,1,2505,22968,1,1,11,3,3,0,1,3,1,1,0,0,0,1
21,1,763,1,1,1,4,1,0,98,2,1,7,2,2,2181,9170,1,0,11,3,3,0,3,3,3,3,2,1,1,1
35,2,613,1,13,3,2,3,1,79,2,1,2,1,2,2115,22249,2,0,15,3,2,0,10,3,1,3,2,0,0,1
55,2,1161,1,23,2,1,1,1,96,3,1,2,3,2,2587,10262,1,0,15,3,3,0,5,3,3,4,2,0,0,1
29,2,901,1,17,1,3,2,1,86,2,1,6,4,2,2253,15070,1,0,13,3,3,0,3,3,2,3,2,0,0,1
29,1,1012,1,3,3,2,3,0,73,2,1,5,3,2,3063,11583,4,0,13,3,3,0,2,3,3,1,0,0,0,1
40,0,1390,2,24,3,1,2,0,94,3,3,7,1,1,13000,17030,4,1,15,3,3,0,21,2,2,1,0,0,0,1
31,1,705,1,2,3,1,3,0,90,2,1,7,3,2,2785,11876,6,0,13,3,3,0,3,3,3,1,0,0,0,1
23,1,625,1,9,3,1,4,0,33,3,1,7,1,1,1805,26924,1,0,18,3,1,0,1,2,2,1,0,1,0,1
29,1,1034,1,1,3,2,2,0,49,2,1,4,2,0,2451,7728,1,0,13,3,1,1,1,2,3,1,0,0,0,1
31,2,952,1,13,2,1,3,0,93,2,1,3,2,1,2341,3493,1,0,13,3,1,0,1,2,1,1,0,0,0,1
24,1,1218,1,11,1,2,3,1,87,2,1,2,3,1,4280,20673,1,1,11,3,1,0,5,2,3,5,4,0,3,1
46,2,459,2,9,2,2,1,1,55,2,3,7,4,0,9961,15313,3,0,12,3,1,0,22,1,3,7,7,4,4,1
39,1,437,1,15,3,3,3,1,75,3,2,5,3,1,6465,22170,1,1,14,3,2,1,13,3,2,7,2,3,5,1
32,0,1277,1,26,1,4,2,1,71,2,2,0,1,1,7745,11877,3,0,15,3,1,0,13,2,2,5,3,0,4,1
31,1,755,2,24,3,2,1,1,62,2,2,7,4,0,5588,21240,1,1,11,3,3,0,9,3,2,8,6,0,7,1
35,2,583,1,18,2,3,2,0,86,3,1,6,1,2,3760,22116,0,0,13,3,1,0,6,2,3,5,2,0,3,1
30,1,375,0,17,4,0,3,0,88,3,1,1,1,1,2937,21475,0,0,16,3,2,0,2,3,3,1,0,0,0,1
38,2,1172,1,14,3,1,2,1,82,2,1,4,3,2,2750,10748,1,0,11,3,3,0,4,3,2,4,2,0,1,1
45,1,517,1,9,1,4,2,0,56,3,2,5,3,1,6947,23347,2,1,13,3,1,0,16,3,3,4,3,2,3,1
40,2,676,2,11,1,3,1,1,53,1,2,7,4,0,5366,21945,5,0,14,3,3,1,8,2,2,3,3,3,2,1
35,2,437,1,24,2,1,2,1,65,2,2,5,3,1,5867,14554,2,1,15,3,2,0,8,1,3,5,3,3,3,1
35,1,737,1,7,3,1,3,0,86,2,1,3,1,1,2119,21557,2,0,14,3,1,0,12,2,1,5,4,1,2,1
22,2,430,1,3,3,2,2,0,45,2,1,7,2,2,1862,22100,1,0,12,3,3,0,1,3,2,1,1,0,1,1
42,2,890,1,3,3,1,1,0,85,2,1,2,1,1,2396,14665,3,0,12,3,3,0,9,3,3,2,2,1,2,1
34,0,1118,0,13,2,0,1,0,76,2,1,3,1,0,2480,19928,3,0,14,3,1,0,3,2,1,1,0,0,0,1
33,1,677,1,6,1,3,2,1,83,3,1,5,1,2,2974,17094,2,0,11,3,3,0,7,2,2,3,1,0,2,1
31,1,275,1,4,3,1,1,0,57,3,1,3,1,0,1982,26727,1,0,14,3,3,1,1,2,2,1,0,0,0,1
27,2,1073,1,16,1,2,3,0,73,2,1,2,4,1,2443,23059,1,1,13,3,3,0,1,3,1,1,0,0,0,1
32,2,438,2,9,3,1,1,1,69,1,2,7,3,0,5901,21240,4,1,16,3,2,0,10,2,2,5,5,5,5,1
33,1,590,2,8,2,4,2,0,46,3,2,7,2,1,5525,17618,4,0,14,3,1,0,9,3,1,3,1,0,0,1
32,2,1096,1,4,3,1,1,1,67,3,1,3,2,1,2223,3195,2,1,14,3,1,0,8,2,1,3,1,0,1,1
41,1,872,1,13,3,1,1,1,58,1,3,2,3,1,10277,24138,2,0,13,3,2,0,15,2,3,2,1,0,1,1
25,1,1288,2,3,1,2,3,0,78,3,1,8,1,0,2896,16519,0,0,11,3,2,0,4,3,3,3,2,0,2,1
37,2,871,1,9,4,2,2,0,61,1,1,3,3,0,2704,17906,4,0,13,3,2,0,8,1,2,5,5,1,0,1
31,1,619,1,3,4,1,2,0,54,1,1,7,2,1,1417,16194,1,0,12,3,1,0,1,3,2,1,0,0,0,1
31,2,260,1,8,4,1,2,1,79,1,2,6,3,1,6172,20783,3,1,17,3,2,0,11,3,2,7,6,6,7,1
28,1,1006,1,1,3,3,1,1,45,2,1,2,1,0,2595,7161,1,0,14,3,1,1,1,2,2,1,0,0,0,1
23,1,426,1,9,3,2,2,0,84,3,1,2,1,2,3072,17022,1,1,11,3,2,0,3,2,2,0,0,0,0,1
37,1,680,1,20,2,2,3,1,82,2,1,3,2,2,3222,11261,0,0,11,3,2,0,6,2,3,5,4,0,3,1
44,2,639,1,12,2,3,1,0,69,2,3,2,4,1,8624,13886,1,0,12,3,4,0,9,2,3,9,7,1,5,1
42,2,375,1,18,2,3,3,1,81,3,1,6,1,2,4162,22023,0,0,13,3,1,0,7,2,2,5,3,1,3,1
36,2,735,1,14,3,3,1,0,81,2,2,2,3,0,4888,8032,7,0,13,3,2,0,8,2,2,1,0,0,0,1
41,1,1382,1,7,3,1,1,0,87,1,2,6,2,2,5659,9405,6,0,12,3,1,0,7,2,2,4,3,1,3,1
22,1,1177,1,3,1,3,2,0,82,2,1,2,3,1,3964,9355,3,0,16,3,2,0,4,3,3,2,2,0,2,1
26,1,444,0,19,3,2,2,0,61,2,1,1,3,0,2577,22973,0,1,13,3,2,0,5,2,1,4,4,0,0,1
36,2,1084,1,12,2,2,1,0,62,1,2,0,2,1,4846,14322,4,0,15,3,1,0,14,2,1,1,0,0,0,1
43,1,1089,1,10,3,1,3,1,95,2,1,5,2,2,2940,10833,0,0,11,3,2,0,6,3,3,5,4,0,2,1
28,2,1030,1,5,3,2,1,0,81,1,1,6,3,1,3688,24747,4,1,12,3,3,0,4,3,2,2,2,2,2,1
26,1,453,0,21,3,3,2,0,62,1,1,1,3,1,2492,23059,0,1,15,3,2,0,3,2,1,3,2,0,0,1
25,2,1213,1,4,1,5,4,1,32,2,1,2,3,1,3811,4491,1,0,15,3,2,0,6,2,3,6,6,4,5,1
26,2,430,0,18,4,5,2,0,65,2,1,4,2,1,2551,18338,3,0,14,3,2,0,4,2,4,1,1,0,0,1
28,2,810,0,1,2,1,2,0,37,2,1,1,1,1,2310,6698,0,1,11,3,3,0,1,1,3,1,0,0,0,1
40,1,556,2,24,3,1,3,0,66,2,3,7,2,2,9989,17199,2,1,12,3,3,0,11,2,2,4,3,0,0,1
32,2,491,1,2,4,4,3,1,65,2,1,5,3,1,2588,5129,1,1,12,3,3,0,9,2,2,9,8,5,7,1
33,2,1233,1,1,2,3,3,1,84,2,1,2,3,1,2140,2551,5,1,15,3,1,0,6,2,2,0,0,0,0,1
27,2,1053,1,14,2,1,3,0,92,3,1,2,1,1,2201,3365,1,0,13,3,1,0,2,3,1,1,0,0,0,1
37,2,1365,1,2,2,3,3,1,88,2,1,2,2,2,2103,2560,5,1,14,3,2,0,7,3,2,0,0,0,0,1
40,0,1259,2,24,3,1,2,0,91,3,3,7,2,2,12429,17101,3,1,15,3,3,0,19,2,2,1,0,0,0,1
49,2,402,2,23,3,2,3,1,42,2,3,7,1,0,10675,16444,4,0,12,3,1,1,21,2,3,3,3,2,0,1
31,1,462,0,7,3,0,2,1,92,3,1,1,2,1,3441,21232,3,0,14,3,3,0,5,2,1,1,1,1,1,1
34,1,646,1,7,1,2,2,0,84,3,1,6,1,1,2873,17056,1,0,11,3,2,0,8,2,2,4,2,1,3,1
25,2,1114,0,12,2,5,2,1,38,2,1,1,4,0,2429,18670,3,0,12,3,1,0,4,2,2,3,0,0,2,1
31,1,529,1,6,2,1,1,0,64,3,1,6,3,2,1875,15606,2,0,13,3,1,0,5,2,2,2,0,0,1,1
24,1,181,1,4,2,4,1,0,67,2,1,3,1,1,2775,12768,0,0,18,3,2,0,1,2,2,1,0,0,0,1
26,1,886,2,5,2,2,1,1,78,2,1,8,1,1,3726,15437,3,0,13,3,2,0,5,2,3,3,2,1,2,1
35,2,959,1,27,1,2,2,0,62,2,2,2,1,1,6862,11299,5,0,17,3,1,0,15,2,2,3,2,0,2,1
29,1,548,1,12,4,1,1,1,71,2,1,7,1,0,2067,14440,1,0,17,3,3,1,1,2,3,1,0,0,0,1
26,1,824,0,15,2,1,2,0,65,3,1,1,3,0,2656,22863,0,1,11,3,2,0,5,2,2,4,4,0,0,1
42,1,967,1,28,1,2,2,0,73,3,2,3,1,1,6545,10886,5,1,15,3,2,0,12,2,3,2,1,0,1,1
26,1,993,1,2,1,3,3,1,82,2,1,2,3,2,3822,9322,2,0,15,3,3,0,4,2,2,2,2,1,2,1
48,1,789,2,4,3,1,2,1,81,2,2,7,3,0,7949,13976,4,0,13,3,4,1,10,3,3,7,5,1,3,1
32,1,476,1,9,4,1,2,0,66,1,1,7,2,1,1594,16316,1,0,14,3,1,0,4,3,2,4,0,2,2,1
44,1,652,2,11,3,1,2,1,90,3,2,7,3,0,6369,13956,4,0,14,3,4,1,11,2,3,7,4,2,3,1
41,1,724,1,3,2,1,2,0,61,2,1,7,3,1,3338,3971,1,0,13,3,2,0,4,2,2,4,2,3,4,1
40,0,904,1,5,2,1,1,0,94,2,1,6,1,0,2124,20333,5,0,16,3,1,1,5,2,1,1,0,0,0,1
28,1,372,1,1,2,2,2,0,44,1,1,2,1,2,2481,5015,7,0,11,3,3,0,8,2,2,1,1,0,1,1
27,1,1454,2,1,1,3,2,1,88,3,1,8,1,0,2980,16072,1,0,12,3,2,1,5,3,3,3,2,0,2,1
38,1,969,1,15,2,3,2,1,67,2,3,3,2,2,9231,13060,1,0,14,3,2,0,9,2,2,9,7,2,7,1
44,1,906,2,1,3,1,1,1,74,2,2,7,2,0,6730,13553,6,0,12,3,3,1,11,2,3,4,2,0,0,1
42,2,853,1,2,2,2,1,1,79,2,1,7,3,1,2577,3597,1,1,14,3,2,0,3,2,2,2,1,0,1,1
46,1,737,2,26,3,1,3,0,57,2,3,7,1,0,11570,16734,4,1,13,3,2,0,20,2,2,2,1,1,0,1
30,1,289,2,11,2,4,1,0,49,3,2,7,2,1,5677,17533,4,0,12,3,1,0,7,3,1,4,2,0,0,1
36,2,746,1,14,3,3,1,0,81,2,2,2,3,0,4896,8055,7,0,13,3,2,0,8,2,2,1,0,0,0,1
37,1,583,1,4,2,1,1,0,67,3,1,4,2,1,2397,14996,3,0,13,3,1,0,8,2,3,3,1,0,2,1
44,1,503,1,9,1,4,2,0,58,3,2,5,3,1,6991,23317,2,1,13,3,1,0,15,3,3,5,4,2,4,1
29,1,1238,2,12,3,3,2,1,50,2,2,7,2,2,5316,3741,6,0,15,3,2,0,7,2,2,4,2,0,2,1
22,1,1366,1,3,1,4,3,1,98,2,1,2,3,2,3893,9130,4,0,15,3,3,0,4,2,2,2,2,1,2,1
39,1,788,1,2,3,1,1,1,81,3,1,2,1,1,2282,14836,4,0,12,3,2,0,9,3,3,3,2,1,2,1
21,1,605,2,12,2,2,4,1,37,3,1,8,1,1,1756,26916,1,0,19,3,1,0,0,2,2,0,0,0,0,1
28,2,628,1,23,4,5,3,0,62,2,1,5,2,0,2506,18406,5,0,15,3,1,0,6,2,3,2,1,0,1,1
24,2,1182,0,9,1,2,4,1,92,2,1,1,2,1,3841,20716,0,0,11,3,1,0,4,2,3,4,3,0,1,1
18,1,1193,2,4,2,2,1,0,75,2,1,8,2,2,1938,8282,1,1,13,3,3,0,0,3,3,0,0,0,0,1
31,2,907,1,5,2,4,2,0,39,3,1,3,3,0,3881,17425,3,1,14,3,1,1,10,2,2,5,4,4,4,1
27,1,991,1,1,1,3,1,0,77,3,1,5,2,1,3458,21531,3,1,14,3,2,0,6,3,2,3,2,1,3,1
24,2,1126,1,24,3,1,1,1,45,1,1,3,2,2,2250,10408,1,0,12,3,2,0,1,2,2,1,0,0,0,1
39,2,1333,1,6,2,1,1,1,74,2,1,2,1,2,2158,3241,3,1,14,3,2,0,9,3,1,3,1,0,2,1
35,2,691,1,19,2,1,2,0,73,2,2,3,3,1,5332,13904,2,0,16,3,2,0,12,2,2,5,3,3,3,1
24,2,926,1,3,2,2,2,0,40,3,1,3,3,1,3894,10460,0,1,16,3,1,0,3,3,3,2,2,0,2,1
43,1,615,2,12,3,1,2,1,89,3,2,7,3,0,6309,13906,4,0,14,3,4,1,11,2,3,7,4,3,3,1
23,2,290,1,18,2,1,4,0,50,3,1,6,3,2,2109,26132,1,1,15,3,4,0,4,2,2,4,1,4,4,1
34,1,206,2,18,3,3,2,0,53,2,2,7,2,2,7421,17360,3,0,11,3,1,0,7,3,1,5,3,0,0,1
35,1,307,1,9,4,2,4,1,74,3,2,3,1,1,4734,5551,2,0,15,3,2,0,10,3,1,8,2,0,7,1
32,1,777,2,13,3,2,2,0,64,3,2,7,1,1,5023,25245,6,0,13,3,3,0,6,2,3,3,2,0,2,1
23,1,356,1,15,1,2,3,0,54,3,1,5,2,2,1980,26372,0,0,18,3,2,0,1,2,2,1,0,0,0,1
37,1,1021,1,16,2,3,3,1,65,3,1,5,3,0,3039,20416,4,1,11,3,3,0,6,2,3,2,2,1,2,1
36,2,371,1,9,4,3,4,1,58,3,1,4,1,2,4194,4994,1,0,14,3,2,0,10,3,1,10,3,0,8,1
31,2,942,1,1,2,2,2,0,77,1,1,4,2,2,2165,3279,6,1,13,3,3,0,8,3,3,4,4,1,4,1
27,2,1136,1,17,2,3,2,1,68,2,1,4,3,1,2382,14621,1,1,13,3,3,0,4,2,2,3,2,0,1,1
32,1,1198,1,8,2,1,4,1,73,3,2,3,3,1,4833,23148,2,0,16,3,1,0,8,2,3,8,3,1,1,1
33,2,573,1,6,3,2,2,1,69,2,1,2,3,1,4172,8884,2,0,14,3,3,0,6,2,1,2,1,0,1,1
31,1,666,2,22,4,1,1,1,65,2,2,7,3,1,5713,21016,1,1,12,3,2,0,10,3,2,9,7,1,7,1
28,1,1006,0,1,3,4,2,0,83,2,1,5,2,1,2090,19748,0,0,13,3,3,0,6,1,2,5,1,0,4,1
27,2,1071,1,2,2,2,3,1,59,3,1,6,2,1,3922,16364,3,0,14,3,3,0,5,3,2,2,2,1,1,1
26,2,1061,1,3,1,4,4,1,39,3,1,2,4,1,3462,4741,1,1,14,3,2,0,7,2,3,7,7,5,6,1
30,1,827,2,5,3,2,2,0,72,2,1,8,3,2,1198,16076,1,0,12,3,2,0,1,3,2,1,0,0,0,1
20,2,202,1,7,3,1,3,0,53,3,1,3,3,2,1700,25361,1,0,13,3,3,0,2,2,3,2,0,2,2,1
26,1,1102,1,14,2,2,2,1,81,2,1,3,3,1,4615,20774,1,1,11,3,1,0,6,2,3,6,5,0,4,1
39,0,943,0,6,2,0,1,0,91,2,1,5,1,0,2173,20227,5,0,16,3,1,0,4,2,1,1,0,0,0,1
29,1,1280,0,21,3,0,1,0,57,2,1,1,2,0,2848,19667,1,0,12,3,1,0,1,2,3,1,0,0,0,1
27,2,1087,1,4,3,3,1,1,82,1,1,5,4,1,3350,24583,4,1,13,3,3,0,4,3,1,2,1,1,1,1
22,2,418,1,5,1,1,1,0,40,2,1,7,2,2,2560,4389,2,0,13,3,2,0,3,3,3,2,1,1,1,1
32,2,234,2,17,3,1,1,0,69,2,2,7,1,1,5114,26036,4,0,13,3,3,0,5,2,3,2,2,0,2,1
37,2,804,1,7,3,3,2,1,81,3,2,3,2,0,4846,7736,5,0,12,3,1,1,7,2,2,3,1,0,2,1
29,1,336,1,14,1,3,3,0,85,3,2,0,3,1,7412,22738,0,1,12,3,1,0,9,1,2,8,6,6,7,1
31,0,1448,1,10,4,3,3,1,61,3,1,6,3,1,4606,23980,7,0,12,3,4,0,5,2,2,3,2,1,2,1
28,1,295,1,3,2,3,2,1,46,1,1,2,1,1,2468,5229,5,0,11,3,3,0,7,2,2,1,1,0,1,1
27,1,1460,0,12,1,1,2,0,78,3,1,1,3,0,2520,22951,0,1,11,3,3,0,1,3,2,1,1,0,0,1
36,2,1289,1,24,2,1,1,1,65,1,1,2,3,2,2395,10454,1,0,13,3,3,0,2,2,2,2,0,0,0,1
32,2,214,2,16,3,1,1,0,69,2,2,7,1,1,5149,26113,4,0,14,3,3,0,5,2,3,2,2,0,2,1
32,2,737,1,6,2,2,2,1,72,2,2,5,2,1,11293,25599,7,1,12,3,3,0,9,2,2,3,3,3,3,1
30,1,173,2,12,3,4,1,0,53,3,2,7,2,2,5693,17468,4,0,11,3,1,0,6,4,1,4,2,0,0,1
31,1,337,1,26,2,2,3,0,72,2,1,2,2,2,3425,11669,0,0,11,3,2,0,5,2,4,4,3,0,3,1
30,1,860,1,10,3,2,2,0,89,3,1,7,3,1,1179,16080,1,0,13,3,2,0,1,3,2,1,0,0,0,1
27,2,298,1,14,4,1,3,0,56,2,1,6,3,1,2564,25530,1,1,13,3,4,0,7,2,2,7,2,6,6,1
19,1,748,2,8,2,2,3,0,55,3,1,8,4,2,2255,17313,1,1,13,3,2,0,1,2,3,1,1,0,1,1
21,2,334,1,7,1,2,2,1,36,2,1,7,1,1,2610,4590,1,0,12,3,2,0,1,3,2,1,0,0,0,1
27,2,423,1,12,2,1,1,1,63,2,1,7,1,1,4757,15256,3,0,12,3,1,0,6,1,3,2,1,1,1,1
39,1,925,1,16,2,3,3,0,62,3,1,6,3,0,2693,20454,5,1,12,3,3,0,7,2,3,2,2,1,2,1
46,1,1006,1,10,3,1,3,0,52,3,2,6,3,1,7223,5924,1,0,17,3,1,1,9,3,3,8,6,5,7,1
26,1,1057,1,1,3,2,1,1,48,2,1,2,2,0,2479,7306,1,0,14,3,1,1,0,2,3,0,0,0,0,1
27,1,1181,1,6,2,1,4,0,57,3,1,7,2,2,2431,8502,1,0,13,3,1,0,2,2,3,2,1,1,1,1
27,2,938,1,2,3,1,3,1,82,3,1,2,2,2,1401,24970,1,0,12,3,1,0,0,2,3,0,0,0,0,1
42,1,648,2,26,1,1,2,0,69,3,2,7,2,1,6610,10526,3,0,12,3,3,0,8,2,2,6,4,1,4,1
36,0,939,1,3,2,2,1,1,91,2,1,6,1,0,2087,20082,3,0,15,3,2,0,5,1,1,2,0,0,1,1
31,1,222,1,12,2,1,3,0,39,1,1,5,3,0,2228,12516,1,0,15,3,3,0,4,3,2,2,2,0,1,1
28,1,1080,0,6,3,3,2,0,78,2,1,4,2,1,2263,19705,0,0,13,3,3,0,5,1,2,4,1,0,3,1
30,2,1162,1,5,1,1,3,0,75,3,1,3,2,1,4537,22665,1,0,17,3,1,0,9,3,3,8,3,1,1,1
22,2,566,1,4,3,3,3,0,50,2,1,6,3,1,2127,22072,1,0,13,3,3,0,3,2,1,2,2,0,2,1
27,1,950,1,2,2,4,3,0,86,2,1,6,3,1,2180,20209,0,0,14,3,2,0,7,1,2,6,3,1,5,1
26,1,1345,2,2,1,2,3,0,81,3,1,8,1,0,2958,16444,0,0,11,3,2,0,4,3,3,3,2,0,2,1
32,2,694,1,14,2,1,2,1,48,2,1,4,3,1,5280,15860,4,0,14,3,2,0,6,1,2,1,0,0,1,1
31,1,685,2,23,4,1,1,1,64,2,2,7,3,1,5692,21029,1,1,11,3,2,0,10,3,2,9,7,0,7,1
54,2,1112,1,22,2,1,1,1,94,2,1,2,3,2,2675,10207,0,0,15,3,4,0,4,2,2,3,2,1,0,1
37,2,698,1,5,3,1,1,0,71,2,1,4,1,1,2547,14650,2,0,12,3,3,0,6,3,3,2,2,1,2,1
26,1,1098,1,12,2,1,1,0,69,2,1,3,3,1,2647,14549,1,1,14,3,3,0,5,3,2,5,3,0,1,1
28,2,856,1,6,2,4,2,0,42,3,1,2,2,0,3314,17208,2,0,12,3,1,1,9,2,3,6,6,6,6,1
30,1,332,1,18,2,3,3,0,92,3,2,2,3,1,6746,21830,0,1,13,3,2,1,9,2,2,9,4,6,7,1
32,1,1101,1,7,2,1,4,1,78,3,2,2,3,1,4877,22880,1,0,17,3,1,0,9,2,3,9,3,1,1,1
26,2,449,1,9,2,1,1,0,67,1,1,7,1,1,4432,15112,3,0,12,3,1,0,6,2,2,2,1,1,1,1
37,2,842,1,5,3,3,2,1,81,3,2,3,2,0,4849,7703,4,0,11,3,1,1,7,2,2,4,1,0,3,1
36,1,620,1,4,3,2,3,1,86,3,2,3,1,1,5062,7042,4,0,13,3,1,1,8,2,2,5,1,0,5,1
33,1,171,1,22,3,1,3,0,94,3,1,5,1,0,2212,16675,1,1,17,3,1,0,9,2,2,8,1,5,6,1
26,2,1119,1,8,3,4,4,1,38,2,2,6,1,2,5288,3129,5,0,16,3,2,0,6,2,1,4,3,0,2,1
26,1,867,1,6,3,1,3,0,54,2,1,6,4,1,2464,17366,1,1,13,3,2,0,4,2,2,3,3,0,1,1
42,2,1228,1,6,2,1,1,1,75,2,1,3,1,1,2279,3442,2,1,14,3,2,0,8,2,1,3,2,0,2,1
28,1,297,1,3,2,3,2,1,48,1,1,2,1,1,2438,5189,5,0,11,3,3,0,7,2,2,1,1,0,1,1
31,1,304,1,23,2,2,3,0,62,1,1,3,2,1,3230,11784,0,0,12,3,2,0,5,2,3,4,3,1,3,1
26,1,1368,1,5,1,4,2,0,96,1,1,3,3,2,4202,9205,5,0,15,3,2,0,4,2,2,2,2,1,2,1
34,1,776,1,14,2,3,2,0,64,3,1,4,2,1,3979,5101,1,0,14,3,2,1,6,3,3,4,4,2,3,1
40,0,916,0,5,2,0,1,0,94,2,1,5,1,0,2125,20274,5,0,16,3,1,0,4,2,1,1,0,0,0,1
42,2,334,2,17,3,2,2,1,54,2,3,7,2,1,9553,16661,2,0,11,3,2,0,17,1,3,5,5,2,1,1
33,2,671,2,12,2,1,1,1,56,1,2,7,2,2,6326,12742,3,0,16,3,2,0,10,2,3,4,3,3,3,1
33,1,725,2,11,3,1,1,0,80,3,2,7,1,2,8916,18201,0,1,16,3,1,0,8,2,2,4,1,0,2,1
29,1,551,1,7,1,3,2,1,85,3,1,4,1,2,3058,17053,2,0,11,3,3,0,6,2,2,2,1,0,1,1
24,2,844,1,3,2,2,2,0,67,3,1,5,3,1,2277,3084,1,0,15,3,1,1,5,2,1,1,0,1,0,1
29,1,116,1,8,3,2,2,0,57,3,1,3,2,2,2413,25711,0,0,15,3,1,0,5,2,3,4,2,2,3,1
29,2,624,1,1,2,2,1,0,55,2,1,3,1,1,2332,6961,2,0,11,3,3,0,4,1,2,3,2,0,2,1
35,1,1415,1,4,4,1,2,0,94,2,2,5,2,2,6611,9152,3,0,11,3,1,0,8,2,2,7,6,2,5,1
28,2,833,1,21,4,5,3,0,54,2,1,4,2,0,2469,18504,5,0,14,3,1,0,6,2,3,2,1,0,1,1
30,1,266,1,7,3,1,2,0,77,1,2,5,3,1,6448,21177,3,1,16,3,1,0,11,2,2,7,7,7,7,1
28,2,1260,1,11,3,5,3,1,50,2,1,3,3,0,2259,19120,3,0,12,3,2,0,6,1,2,4,1,0,3,1
48,2,531,2,19,2,2,3,1,50,2,3,7,2,0,10275,15185,2,0,14,3,2,0,14,3,3,5,4,2,3,1
41,0,1289,2,20,3,1,1,1,66,3,2,7,2,2,7233,5098,7,1,13,3,2,0,11,2,2,3,2,0,3,1
42,1,901,1,3,3,4,3,0,65,3,1,5,3,1,4203,17263,3,1,13,3,2,0,6,3,3,2,2,2,2,1
33,0,1260,2,16,3,1,1,1,66,3,2,7,3,1,6024,4761,6,0,12,3,2,0,9,3,2,5,2,0,4,1
26,1,556,1,8,3,3,2,0,68,3,1,2,1,1,3240,17116,2,1,11,3,2,0,6,2,2,2,2,2,2,1
34,1,273,1,9,4,1,4,1,82,3,2,2,1,1,5012,5850,3,0,16,3,2,0,10,3,1,7,1,0,7,1
28,2,830,1,5,3,4,2,0,41,3,1,3,3,0,3637,17024,3,0,14,3,1,1,8,2,2,5,5,5,5,1
40,1,490,2,6,2,2,4,0,62,1,1,8,3,0,2494,12010,0,0,13,3,3,1,10,3,2,5,4,3,3,1
28,1,845,2,11,2,1,3,0,62,2,1,8,2,2,1750,8189,1,1,12,3,2,0,2,2,3,2,1,1,1,1
32,1,919,1,17,1,2,1,1,60,3,3,1,3,1,11788,23795,5,0,12,3,2,0,13,2,3,4,3,3,3,1
26,2,695,1,3,3,2,2,1,64,1,1,6,3,1,4610,25854,2,1,11,3,4,0,5,2,2,4,3,0,2,1
26,1,439,1,19,4,4,2,0,70,2,1,6,2,1,2316,18328,4,0,15,3,2,0,4,2,4,1,1,0,0,1
26,1,897,1,4,2,3,3,0,87,2,1,6,3,1,2334,20780,0,0,14,3,1,0,7,1,2,7,6,1,6,1
35,1,1370,1,7,2,3,1,0,89,1,1,5,3,2,4860,9368,6,0,14,3,2,0,5,2,2,3,2,1,2,1
33,2,707,1,6,1,3,2,0,79,3,1,5,1,1,2988,17115,2,0,11,3,2,0,8,2,3,4,2,1,3,1
36,2,934,1,14,2,2,1,0,66,1,2,1,2,1,5032,14162,4,0,15,3,1,0,13,2,1,3,1,1,1,1
22,1,821,1,3,1,2,2,0,51,2,1,3,3,1,4095,9778,1,0,18,3,1,0,4,3,3,2,2,0,2,1
25,2,1211,1,4,1,5,4,1,32,2,1,2,3,1,3858,4446,1,0,15,3,2,0,6,2,3,6,6,4,5,1
34,1,1305,1,15,2,2,2,0,84,3,2,1,1,1,7038,10206,4,0,15,3,1,0,13,2,3,5,3,1,3,1
30,1,531,1,24,2,3,3,1,66,2,1,2,2,2,3471,11557,0,0,11,3,2,0,5,2,3,4,3,1,3,1
24,2,1434,1,1,1,4,1,0,61,3,1,7,2,1,3185,21975,1,1,15,3,2,0,6,3,2,5,3,0,4,1
45,2,783,2,3,1,2,1,1,77,2,1,8,2,1,2682,3931,1,0,13,3,2,0,2,2,3,2,1,0,1,1
31,2,501,1,1,3,3,3,1,58,3,1,6,3,2,2685,5121,1,0,13,3,2,0,8,2,2,8,7,6,6,1
26,1,446,1,14,2,2,2,1,84,1,1,7,2,2,1625,7847,3,0,13,3,3,0,5,3,2,4,2,0,2,1
39,2,768,1,7,3,4,2,0,59,2,1,3,2,0,4057,17492,2,0,13,3,1,1,10,2,2,7,4,7,7,1
35,1,418,1,8,3,2,4,0,51,3,1,4,1,2,4180,4779,1,0,14,3,1,0,9,3,1,9,2,1,7,1
32,0,1398,1,10,3,3,4,1,63,3,2,6,3,1,4741,23704,6,0,13,3,3,0,6,2,3,5,2,1,1,1
31,1,440,0,10,4,0,3,1,91,3,1,1,2,1,3334,21290,2,0,15,3,3,0,4,3,2,1,0,0,0,1
31,1,456,0,8,3,0,2,1,91,3,1,1,2,1,3411,21248,3,0,14,3,3,0,4,2,1,1,1,1,1,1
46,2,476,2,9,2,2,1,1,56,2,3,7,4,0,9934,15175,2,0,12,3,2,0,21,1,3,7,7,4,4,1
40,2,1289,1,17,2,2,1,0,78,1,2,3,2,1,5917,10291,7,0,15,3,2,0,11,2,2,2,1,0,1,1
27,2,691,1,2,2,1,1,0,70,1,1,5,2,1,2215,3815,6,0,13,3,3,0,8,3,2,6,6,2,6,1
